"Series Description","CHINA -- SPOT EXCHANGE RATE, YUAN/US$ P.R. ","HONG KONG -- SPOT EXCHANGE RATE, HK$/US$ "
"Unit:","Currency:_Per_USD","Currency:_Per_USD"
"Multiplier:","1","1"
"Currency:","CNY","HKD"
"Unique Identifier: ","H10/H10/RXI_N.B.CH","H10/H10/RXI_N.B.HK"
"Time Period","RXI_N.B.CH","RXI_N.B.HK"
2005-10-27,8.0862,7.7535
2005-10-28,8.0840,7.7529
2005-10-31,8.0845,7.7519
2005-11-01,8.0860,7.7514
2005-11-02,8.0851,7.7526
2005-11-03,8.0841,7.7524
2005-11-04,8.0856,7.7523
2005-11-07,8.0877,7.7521
2005-11-08,8.0867,7.7539
2005-11-09,8.0857,7.7570
2005-11-10,8.0847,7.7553
2005-11-11,ND,ND
2005-11-14,8.0856,7.7559
2005-11-15,8.0845,7.7555
2005-11-16,8.0835,7.7555
2005-11-17,8.0845,7.7535
2005-11-18,8.0832,7.7527
2005-11-21,8.0833,7.7534
2005-11-22,8.0839,7.7532
2005-11-23,8.0816,7.7522
2005-11-24,ND,ND
2005-11-25,8.0815,7.7540
2005-11-28,8.0825,7.7536
2005-11-29,8.0796,7.7539
2005-11-30,8.0804,7.7546
2005-12-01,8.0798,7.7548
2005-12-02,8.0806,7.7544
2005-12-05,8.0808,7.7534
2005-12-06,8.0780,7.7540
2005-12-07,8.0771,7.7540
2005-12-08,8.0780,7.7539
2005-12-09,8.0765,7.7541
2005-12-12,8.0770,7.7534
2005-12-13,8.0751,7.7532
2005-12-14,8.0726,7.7528
2005-12-15,8.0740,7.7526
2005-12-16,8.0735,7.7518
2005-12-19,8.0730,7.7516
2005-12-20,8.0740,7.7518
2005-12-21,8.0765,7.7520
2005-12-22,8.0775,7.7523
2005-12-23,8.0762,7.7525
2005-12-26,ND,ND
2005-12-27,8.0724,7.7528
2005-12-28,8.0725,7.7525
2005-12-29,8.0709,7.7531
2005-12-30,8.0702,7.7533
2006-01-02,ND,ND
2006-01-03,8.0702,7.7535
2006-01-04,8.0702,7.7533
2006-01-05,8.0678,7.7534
2006-01-06,8.0663,7.7531
2006-01-09,8.0665,7.7507
2006-01-10,8.0610,7.7506
2006-01-11,8.0682,7.7509
2006-01-12,8.0685,7.7511
2006-01-13,8.0698,7.7513
2006-01-16,ND,ND
2006-01-17,8.0676,7.7535
2006-01-18,8.0685,7.7533
2006-01-19,8.0687,7.7535
2006-01-20,8.0596,7.7545
2006-01-23,8.0645,7.7541
2006-01-24,8.0625,7.7554
2006-01-25,8.0630,7.7566
2006-01-26,8.0620,7.7561
2006-01-27,8.0608,7.7565
2006-01-30,8.0608,7.7571
2006-01-31,8.0608,7.7561
2006-02-01,8.0616,7.7569
2006-02-02,8.0616,7.7564
2006-02-03,8.0616,7.7570
2006-02-06,8.0560,7.7579
2006-02-07,8.0566,7.7590
2006-02-08,8.0545,7.7618
2006-02-09,8.0558,7.7613
2006-02-10,8.0516,7.7590
2006-02-13,8.0472,7.7594
2006-02-14,8.0477,7.7604
2006-02-15,8.0481,7.7612
2006-02-16,8.0494,7.7603
2006-02-17,8.0493,7.7604
2006-02-20,ND,ND
2006-02-21,8.0485,7.7610
2006-02-22,8.0497,7.7611
2006-02-23,8.0477,7.7587
2006-02-24,8.0432,7.7580
2006-02-27,8.0420,7.7580
2006-02-28,8.0415,7.7584
2006-03-01,8.0390,7.7574
2006-03-02,8.0394,7.7574
2006-03-03,8.0380,7.7587
2006-03-06,8.0382,7.7587
2006-03-07,8.0425,7.7607
2006-03-08,8.0476,7.7609
2006-03-09,8.0480,7.7608
2006-03-10,8.0492,7.7620
2006-03-13,8.0505,7.7590
2006-03-14,8.0473,7.7578
2006-03-15,8.0374,7.7583
2006-03-16,8.0385,7.7570
2006-03-17,8.0286,7.7573
2006-03-20,8.0250,7.7585
2006-03-21,8.0272,7.7594
2006-03-22,8.0306,7.7599
2006-03-23,8.0274,7.7591
2006-03-24,8.0338,7.7591
2006-03-27,8.0245,7.7590
2006-03-28,8.0212,7.7590
2006-03-29,8.0280,7.7598
2006-03-30,8.0270,7.7595
2006-03-31,8.0167,7.7597
2006-04-03,8.0210,7.7598
2006-04-04,8.0194,7.7591
2006-04-05,8.0116,7.7589
2006-04-06,8.0098,7.7579
2006-04-07,8.0130,7.7557
2006-04-10,8.0040,7.7564
2006-04-11,8.0045,7.7589
2006-04-12,8.0115,7.7582
2006-04-13,8.0248,7.7575
2006-04-14,8.0175,7.7569
2006-04-17,8.0158,7.7565
2006-04-18,8.0140,7.7556
2006-04-19,8.0128,7.7539
2006-04-20,8.0110,7.7544
2006-04-21,8.0165,7.7542
2006-04-24,8.0163,7.7530
2006-04-25,8.0100,7.7537
2006-04-26,8.0163,7.7548
2006-04-27,8.0205,7.7544
2006-04-28,8.0165,7.7529
2006-05-01,8.0165,7.7527
2006-05-02,8.0165,7.7536
2006-05-03,8.0100,7.7526
2006-05-04,8.0114,7.7521
2006-05-05,8.0114,7.7518
2006-05-08,8.0070,7.7510
2006-05-09,8.0042,7.7517
2006-05-10,8.0032,7.7517
2006-05-11,8.0038,7.7526
2006-05-12,8.0056,7.7532
2006-05-15,8.0030,7.7531
2006-05-16,8.0005,7.7531
2006-05-17,8.0020,7.7534
2006-05-18,8.0095,7.7541
2006-05-19,8.0175,7.7554
2006-05-22,8.0255,7.7537
2006-05-23,8.0235,7.7553
2006-05-24,8.0175,7.7559
2006-05-25,8.0235,7.7567
2006-05-26,8.0245,7.7562
2006-05-29,ND,ND
2006-05-30,8.0300,7.7575
2006-05-31,8.0215,7.7567
2006-06-01,8.0184,7.7578
2006-06-02,8.0225,7.7581
2006-06-05,8.0057,7.7586
2006-06-06,8.0120,7.7596
2006-06-07,8.0171,7.7617
2006-06-08,8.0084,7.7619
2006-06-09,8.0110,7.7611
2006-06-12,8.0150,7.7607
2006-06-13,8.0034,7.7624
2006-06-14,7.9985,7.7621
2006-06-15,7.9990,7.7617
2006-06-16,7.9995,7.7643
2006-06-19,8.0035,7.7660
2006-06-20,8.0009,7.7666
2006-06-21,7.9969,7.7665
2006-06-22,7.9963,7.7660
2006-06-23,7.9997,7.7684
2006-06-26,7.9995,7.7675
2006-06-27,7.9980,7.7661
2006-06-28,7.9970,7.7678
2006-06-29,7.9955,7.7675
2006-06-30,7.9943,7.7666
2006-07-03,7.9924,7.7670
2006-07-04,ND,ND
2006-07-05,7.9955,7.7715
2006-07-06,7.9945,7.7709
2006-07-07,7.9936,7.7682
2006-07-10,7.9908,7.7707
2006-07-11,7.9911,7.7730
2006-07-12,7.9892,7.7759
2006-07-13,7.9899,7.7754
2006-07-14,7.9956,7.7753
2006-07-17,7.9970,7.7751
2006-07-18,8.0016,7.7740
2006-07-19,8.0018,7.7756
2006-07-20,7.9918,7.7756
2006-07-21,7.9897,7.7754
2006-07-24,7.9851,7.7773
2006-07-25,7.9872,7.7775
2006-07-26,7.9849,7.7775
2006-07-27,7.9740,7.7717
2006-07-28,7.9792,7.7703
2006-07-31,7.9690,7.7703
2006-08-01,7.9730,7.7723
2006-08-02,7.9720,7.7735
2006-08-03,7.9748,7.7726
2006-08-04,7.9783,7.7742
2006-08-07,7.9680,7.7755
2006-08-08,7.9712,7.7760
2006-08-09,7.9745,7.7769
2006-08-10,7.9690,7.7768
2006-08-11,7.9725,7.7772
2006-08-14,7.9928,7.7785
2006-08-15,8.0000,7.7789
2006-08-16,7.9827,7.7768
2006-08-17,7.9685,7.7748
2006-08-18,7.9736,7.7732
2006-08-21,7.9698,7.7752
2006-08-22,7.9663,7.7764
2006-08-23,7.9698,7.7770
2006-08-24,7.9694,7.7766
2006-08-25,7.9690,7.7796
2006-08-28,7.9706,7.7790
2006-08-29,7.9615,7.7776
2006-08-30,7.9590,7.7774
2006-08-31,7.9538,7.7767
2006-09-01,7.9533,7.7780
2006-09-04,ND,ND
2006-09-05,7.9495,7.7776
2006-09-06,7.9470,7.7772
2006-09-07,7.9409,7.7767
2006-09-08,7.9485,7.7781
2006-09-11,7.9545,7.7785
2006-09-12,7.9464,7.7793
2006-09-13,7.9490,7.7808
2006-09-14,7.9462,7.7819
2006-09-15,7.9429,7.7825
2006-09-18,7.9465,7.7841
2006-09-19,7.9357,7.7862
2006-09-20,7.9264,7.7855
2006-09-21,7.9248,7.7834
2006-09-22,7.9195,7.7827
2006-09-25,7.9212,7.7837
2006-09-26,7.9135,7.7866
2006-09-27,7.9019,7.7878
2006-09-28,7.8965,7.7884
2006-09-29,7.9040,7.7913
2006-10-02,7.9040,7.7911
2006-10-03,7.9040,7.7907
2006-10-04,7.9040,7.7917
2006-10-05,7.9040,7.7865
2006-10-06,7.9040,7.7852
2006-10-09,ND,ND
2006-10-10,7.9100,7.7928
2006-10-11,7.9168,7.7927
2006-10-12,7.9143,7.7906
2006-10-13,7.9000,7.7889
2006-10-16,7.9120,7.7837
2006-10-17,7.9081,7.7802
2006-10-18,7.9066,7.7839
2006-10-19,7.9102,7.7875
2006-10-20,7.9028,7.7847
2006-10-23,7.8981,7.7815
2006-10-24,7.9023,7.7812
2006-10-25,7.9010,7.7818
2006-10-26,7.8949,7.7809
2006-10-27,7.8886,7.7751
2006-10-30,7.8728,7.7746
2006-10-31,7.8785,7.7780
2006-11-01,7.8714,7.7765
2006-11-02,7.8720,7.7762
2006-11-03,7.8715,7.7774
2006-11-06,7.8750,7.7818
2006-11-07,7.8720,7.7848
2006-11-08,7.8651,7.7838
2006-11-09,7.8645,7.7838
2006-11-10,7.8635,7.7824
2006-11-13,7.8642,7.7844
2006-11-14,7.8640,7.7842
2006-11-15,7.8677,7.7859
2006-11-16,7.8713,7.7856
2006-11-17,7.8717,7.7875
2006-11-20,7.8694,7.7864
2006-11-21,7.8683,7.7859
2006-11-22,7.8731,7.7864
2006-11-23,ND,ND
2006-11-24,7.8515,7.7759
2006-11-27,7.8426,7.7761
2006-11-28,7.8440,7.7753
2006-11-29,7.8303,7.7751
2006-11-30,7.8340,7.7779
2006-12-01,7.8350,7.7748
2006-12-04,7.8274,7.7722
2006-12-05,7.8217,7.7709
2006-12-06,7.8224,7.7700
2006-12-07,7.8226,7.7665
2006-12-08,7.8235,7.7736
2006-12-11,7.8340,7.7733
2006-12-12,7.8283,7.7731
2006-12-13,7.8265,7.7712
2006-12-14,7.8229,7.7708
2006-12-15,7.8265,7.7721
2006-12-18,7.8192,7.7725
2006-12-19,7.8243,7.7752
2006-12-20,7.8158,7.7743
2006-12-21,7.8160,7.7756
2006-12-22,7.8153,7.7771
2006-12-25,ND,ND
2006-12-26,7.8199,7.7787
2006-12-27,7.8215,7.7741
2006-12-28,7.8116,7.7719
2006-12-29,7.8041,7.7771
2007-01-01,ND,ND
2007-01-02,7.8051,7.7797
2007-01-03,7.8051,7.7867
2007-01-04,7.8090,7.7885
2007-01-05,7.8047,7.7908
2007-01-08,7.8127,7.7946
2007-01-09,7.8055,7.7974
2007-01-10,7.8075,7.7983
2007-01-11,7.7945,7.7977
2007-01-12,7.7984,7.7992
2007-01-15,ND,ND
2007-01-16,7.7900,7.8005
2007-01-17,7.7752,7.8039
2007-01-18,7.7705,7.8100
2007-01-19,7.7752,7.8072
2007-01-22,7.7759,7.7973
2007-01-23,7.7756,7.7998
2007-01-24,7.7705,7.8035
2007-01-25,7.7705,7.8063
2007-01-26,7.7748,7.8091
2007-01-29,7.7730,7.8112
2007-01-30,7.7750,7.8100
2007-01-31,7.7714,7.8078
2007-02-01,7.7575,7.8041
2007-02-02,7.7555,7.8068
2007-02-05,7.7602,7.8086
2007-02-06,7.7565,7.8090
2007-02-07,7.7474,7.8130
2007-02-08,7.7484,7.8141
2007-02-09,7.7476,7.8131
2007-02-12,7.7570,7.8136
2007-02-13,7.7632,7.8141
2007-02-14,7.7565,7.8133
2007-02-15,7.7545,7.8087
2007-02-16,7.7426,7.8124
2007-02-19,ND,ND
2007-02-20,7.7466,7.8141
2007-02-21,7.7426,7.8127
2007-02-22,7.7436,7.8112
2007-02-23,7.7416,7.8087
2007-02-26,7.7500,7.8127
2007-02-27,7.7416,7.8136
2007-02-28,7.7410,7.8119
2007-03-01,7.7435,7.8119
2007-03-02,7.7445,7.8146
2007-03-05,7.7415,7.8149
2007-03-06,7.7453,7.8151
2007-03-07,7.7430,7.8177
2007-03-08,7.7400,7.8129
2007-03-09,7.7445,7.8141
2007-03-12,7.7454,7.8143
2007-03-13,7.7410,7.8154
2007-03-14,7.7370,7.8148
2007-03-15,7.7430,7.8116
2007-03-16,7.7280,7.8108
2007-03-19,7.7355,7.8124
2007-03-20,7.7320,7.8124
2007-03-21,7.7350,7.8107
2007-03-22,7.7286,7.8093
2007-03-23,7.7290,7.8105
2007-03-26,7.7396,7.8130
2007-03-27,7.7334,7.8130
2007-03-28,7.7318,7.8139
2007-03-29,7.7280,7.8127
2007-03-30,7.7232,7.8137
2007-04-02,7.7296,7.8155
2007-04-03,7.7267,7.8153
2007-04-04,7.7345,7.8166
2007-04-05,7.7250,7.8162
2007-04-06,7.7248,7.8174
2007-04-09,7.7290,7.8175
2007-04-10,7.7304,7.8124
2007-04-11,7.7317,7.8129
2007-04-12,7.7240,7.8143
2007-04-13,7.7222,7.8120
2007-04-16,7.7283,7.8134
2007-04-17,7.7288,7.8117
2007-04-18,7.7208,7.8095
2007-04-19,7.7125,7.8133
2007-04-20,7.7150,7.8137
2007-04-23,7.7280,7.8148
2007-04-24,7.7345,7.8154
2007-04-25,7.7203,7.8180
2007-04-26,7.7300,7.8210
2007-04-27,7.7139,7.8212
2007-04-30,7.7090,7.8212
2007-05-01,7.7065,7.8222
2007-05-02,7.7039,7.8215
2007-05-03,7.7050,7.8211
2007-05-04,7.7035,7.8207
2007-05-07,7.7039,7.8182
2007-05-08,7.6951,7.8180
2007-05-09,7.6941,7.8197
2007-05-10,7.6936,7.8204
2007-05-11,7.6835,7.8201
2007-05-14,7.6719,7.8116
2007-05-15,7.6938,7.8141
2007-05-16,7.6830,7.8185
2007-05-17,7.6730,7.8204
2007-05-18,7.6636,7.8188
2007-05-21,7.6656,7.8215
2007-05-22,7.6560,7.8236
2007-05-23,7.6490,7.8228
2007-05-24,7.6525,7.8233
2007-05-25,7.6527,7.8225
2007-05-28,ND,ND
2007-05-29,7.6514,7.8194
2007-05-30,7.6463,7.8044
2007-05-31,7.6516,7.8087
2007-06-01,7.6483,7.8106
2007-06-04,7.6503,7.8062
2007-06-05,7.6397,7.8086
2007-06-06,7.6377,7.8116
2007-06-07,7.6525,7.8146
2007-06-08,7.6666,7.8157
2007-06-11,7.6680,7.8141
2007-06-12,7.6456,7.8167
2007-06-13,7.6370,7.8148
2007-06-14,7.6420,7.8169
2007-06-15,7.6245,7.8188
2007-06-18,7.6193,7.8171
2007-06-19,7.6175,7.8171
2007-06-20,7.6180,7.8141
2007-06-21,7.6208,7.8123
2007-06-22,7.6220,7.8151
2007-06-25,7.6187,7.8122
2007-06-26,7.6178,7.8126
2007-06-27,7.6210,7.8147
2007-06-28,7.6198,7.8165
2007-06-29,7.6120,7.8184
2007-07-02,7.6055,7.8165
2007-07-03,7.5948,7.8129
2007-07-04,ND,ND
2007-07-05,7.6000,7.8173
2007-07-06,7.6000,7.8175
2007-07-09,7.6055,7.8148
2007-07-10,7.5855,7.8158
2007-07-11,7.5660,7.8160
2007-07-12,7.5690,7.8165
2007-07-13,7.5710,7.8194
2007-07-16,7.5660,7.8202
2007-07-17,7.5651,7.8202
2007-07-18,7.5655,7.8201
2007-07-19,7.5580,7.8209
2007-07-20,7.5727,7.8199
2007-07-23,7.5652,7.8202
2007-07-24,7.5660,7.8218
2007-07-25,7.5596,7.8240
2007-07-26,7.5680,7.8237
2007-07-27,7.5640,7.8242
2007-07-30,7.5700,7.8246
2007-07-31,7.5720,7.8264
2007-08-01,7.5670,7.8285
2007-08-02,7.5733,7.8277
2007-08-03,7.5670,7.8283
2007-08-06,7.5608,7.8289
2007-08-07,7.5700,7.8281
2007-08-08,7.5748,7.8281
2007-08-09,7.5663,7.8235
2007-08-10,7.5698,7.8197
2007-08-13,7.5835,7.8231
2007-08-14,7.5780,7.8224
2007-08-15,7.5850,7.8203
2007-08-16,7.6181,7.8181
2007-08-17,7.5960,7.8137
2007-08-20,7.5850,7.8189
2007-08-21,7.5940,7.8073
2007-08-22,7.5937,7.8081
2007-08-23,7.5867,7.8093
2007-08-24,7.5670,7.8005
2007-08-27,7.5604,7.8035
2007-08-28,7.5535,7.7991
2007-08-29,7.5490,7.8042
2007-08-30,7.5420,7.7975
2007-08-31,7.5462,7.7968
2007-09-03,7.5462,7.7968
2007-09-04,7.5510,7.7947
2007-09-05,7.5540,7.7928
2007-09-06,7.5330,7.7865
2007-09-07,7.5370,7.7871
2007-09-10,7.5235,7.7758
2007-09-11,7.5220,7.7864
2007-09-12,7.5210,7.7878
2007-09-13,7.5110,7.7889
2007-09-14,7.5170,7.7873
2007-09-17,7.5190,7.7875
2007-09-18,7.5220,7.7888
2007-09-19,7.5135,7.7848
2007-09-20,7.5055,7.7828
2007-09-21,7.5000,7.7834
2007-09-24,7.5075,7.7735
2007-09-25,7.5140,7.7681
2007-09-26,7.5160,7.7668
2007-09-27,7.5135,7.7591
2007-09-28,7.4928,7.7689
2007-10-01,7.5158,7.7694
2007-10-02,7.5093,7.7625
2007-10-03,7.5000,7.7588
2007-10-04,7.5098,7.7590
2007-10-05,7.5098,7.7556
2007-10-08,7.5098,7.7556
2007-10-09,7.5095,7.7604
2007-10-10,7.5075,7.7559
2007-10-11,7.5080,7.7555
2007-10-12,7.5090,7.7535
2007-10-15,7.5130,7.7536
2007-10-16,7.5116,7.7540
2007-10-17,7.5156,7.7541
2007-10-18,7.5148,7.7510
2007-10-19,7.5080,7.7504
2007-10-22,7.5075,7.7504
2007-10-23,7.5020,7.7506
2007-10-24,7.4925,7.7509
2007-10-25,7.4800,7.7502
2007-10-26,7.4976,7.7504
2007-10-29,7.4728,7.7511
2007-10-30,7.4720,7.7497
2007-10-31,7.4682,7.7502
2007-11-01,7.4582,7.7573
2007-11-02,7.4580,7.7573
2007-11-05,7.4550,7.7635
2007-11-06,7.4515,7.7630
2007-11-07,7.4420,7.7649
2007-11-08,7.4211,7.7651
2007-11-09,7.4190,7.7817
2007-11-12,ND,ND
2007-11-13,7.4279,7.7870
2007-11-14,7.4250,7.7890
2007-11-15,7.4250,7.7866
2007-11-16,7.4250,7.7819
2007-11-19,7.4313,7.7818
2007-11-20,7.4225,7.7795
2007-11-21,7.4160,7.7808
2007-11-22,7.4160,7.7808
2007-11-23,7.4079,7.7779
2007-11-26,7.3970,7.7844
2007-11-27,7.3865,7.7838
2007-11-28,7.3905,7.7840
2007-11-29,7.3800,7.7885
2007-11-30,7.3850,7.7874
2007-12-03,7.4010,7.7879
2007-12-04,7.4050,7.7911
2007-12-05,7.3900,7.7944
2007-12-06,7.4120,7.7932
2007-12-07,7.4070,7.7938
2007-12-10,7.3900,7.7966
2007-12-11,7.3790,7.7967
2007-12-12,7.3740,7.7984
2007-12-13,7.3700,7.7966
2007-12-14,7.3750,7.7991
2007-12-17,7.3805,7.7974
2007-12-18,7.3741,7.8023
2007-12-19,7.3718,7.8005
2007-12-20,7.3669,7.8010
2007-12-21,7.3680,7.8006
2007-12-24,7.3475,7.8055
2007-12-25,ND,ND
2007-12-26,7.3450,7.8073
2007-12-27,7.3079,7.8012
2007-12-28,7.3040,7.8047
2007-12-31,7.2946,7.7984
2008-01-01,ND,ND
2008-01-02,7.2946,7.8107
2008-01-03,7.2755,7.8047
2008-01-04,7.2695,7.8003
2008-01-07,7.2705,7.8015
2008-01-08,7.2670,7.8016
2008-01-09,7.2625,7.8053
2008-01-10,7.2700,7.8036
2008-01-11,7.2615,7.8052
2008-01-14,7.2526,7.8036
2008-01-15,7.2345,7.7989
2008-01-16,7.2400,7.7998
2008-01-17,7.2245,7.8047
2008-01-18,7.2424,7.8073
2008-01-21,ND,ND
2008-01-22,7.2456,7.8094
2008-01-23,7.2400,7.8075
2008-01-24,7.2228,7.8092
2008-01-25,7.2115,7.8072
2008-01-28,7.1950,7.8081
2008-01-29,7.1965,7.8048
2008-01-30,7.1912,7.8024
2008-01-31,7.1818,7.7961
2008-02-01,7.1845,7.7971
2008-02-04,7.1915,7.7999
2008-02-05,7.1835,7.7985
2008-02-06,7.1830,7.8009
2008-02-07,7.1830,7.8004
2008-02-08,7.1830,7.8004
2008-02-11,7.1905,7.7968
2008-02-12,7.1840,7.7977
2008-02-13,7.1973,7.7998
2008-02-14,7.1880,7.7995
2008-02-15,7.1780,7.8004
2008-02-18,ND,ND
2008-02-19,7.1485,7.8012
2008-02-20,7.1425,7.8007
2008-02-21,7.1395,7.7990
2008-02-22,7.1400,7.7968
2008-02-25,7.1522,7.7971
2008-02-26,7.1580,7.7936
2008-02-27,7.1400,7.7842
2008-02-28,7.1100,7.7821
2008-02-29,7.1115,7.7807
2008-03-03,7.1035,7.7841
2008-03-04,7.1060,7.7829
2008-03-05,7.1075,7.7897
2008-03-06,7.1059,7.7885
2008-03-07,7.1110,7.7857
2008-03-10,7.1060,7.7887
2008-03-11,7.1027,7.7879
2008-03-12,7.1010,7.7872
2008-03-13,7.0900,7.7858
2008-03-14,7.0890,7.7829
2008-03-17,7.0830,7.7642
2008-03-18,7.0795,7.7702
2008-03-19,7.0660,7.7720
2008-03-20,7.0520,7.7774
2008-03-21,7.0515,7.7770
2008-03-24,7.0550,7.7787
2008-03-25,7.0440,7.7782
2008-03-26,7.0290,7.7820
2008-03-27,7.0105,7.7813
2008-03-28,7.0120,7.7807
2008-03-31,7.0120,7.7819
2008-04-01,7.0116,7.7868
2008-04-02,7.0185,7.7879
2008-04-03,7.0150,7.7905
2008-04-04,7.0150,7.7909
2008-04-07,7.0010,7.7899
2008-04-08,7.0008,7.7871
2008-04-09,7.0017,7.7898
2008-04-10,6.9910,7.7863
2008-04-11,7.0060,7.7885
2008-04-14,6.9990,7.7912
2008-04-15,6.9945,7.7931
2008-04-16,6.9920,7.7935
2008-04-17,6.9840,7.7915
2008-04-18,7.0065,7.7939
2008-04-21,6.9996,7.7936
2008-04-22,6.9890,7.7929
2008-04-23,6.9895,7.7963
2008-04-24,6.9955,7.7908
2008-04-25,7.0095,7.7911
2008-04-28,7.0020,7.7897
2008-04-29,6.9845,7.7920
2008-04-30,6.9870,7.7950
2008-05-01,6.9876,7.7931
2008-05-02,6.9870,7.7951
2008-05-05,6.9815,7.7946
2008-05-06,6.9860,7.7931
2008-05-07,6.9860,7.7935
2008-05-08,7.0000,7.7946
2008-05-09,6.9876,7.7965
2008-05-12,6.9881,7.7963
2008-05-13,6.9889,7.7966
2008-05-14,6.9990,7.7990
2008-05-15,6.9943,7.7995
2008-05-16,6.9880,7.7998
2008-05-19,6.9700,7.7999
2008-05-20,6.9725,7.8004
2008-05-21,6.9592,7.8004
2008-05-22,6.9420,7.7999
2008-05-23,6.9412,7.8018
2008-05-26,ND,ND
2008-05-27,6.9450,7.8060
2008-05-28,6.9408,7.8050
2008-05-29,6.9377,7.8051
2008-05-30,6.9400,7.8041
2008-06-02,6.9325,7.8037
2008-06-03,6.9341,7.8049
2008-06-04,6.9633,7.8079
2008-06-05,6.9460,7.8077
2008-06-06,6.9230,7.8095
2008-06-09,6.9230,7.8082
2008-06-10,6.9248,7.8093
2008-06-11,6.9095,7.8090
2008-06-12,6.9070,7.8159
2008-06-13,6.9044,7.8155
2008-06-16,6.8911,7.8083
2008-06-17,6.8954,7.8093
2008-06-18,6.8821,7.8061
2008-06-19,6.8770,7.8068
2008-06-20,6.8796,7.8057
2008-06-23,6.8740,7.8073
2008-06-24,6.8699,7.8070
2008-06-25,6.8653,7.8070
2008-06-26,6.8630,7.8051
2008-06-27,6.8618,7.8023
2008-06-30,6.8591,7.7970
2008-07-01,6.8608,7.7992
2008-07-02,6.8542,7.7979
2008-07-03,6.8529,7.7978
2008-07-04,ND,ND
2008-07-07,6.8567,7.8026
2008-07-08,6.8510,7.8022
2008-07-09,6.8632,7.8027
2008-07-10,6.8430,7.8030
2008-07-11,6.8338,7.8039
2008-07-14,6.8450,7.8037
2008-07-15,6.8211,7.7967
2008-07-16,6.8104,7.7990
2008-07-17,6.8189,7.7976
2008-07-18,6.8168,7.7968
2008-07-21,6.8271,7.7971
2008-07-22,6.8248,7.7959
2008-07-23,6.8279,7.7993
2008-07-24,6.8292,7.7988
2008-07-25,6.8189,7.8000
2008-07-28,6.8332,7.8002
2008-07-29,6.8264,7.8022
2008-07-30,6.8272,7.8036
2008-07-31,6.8388,7.8017
2008-08-01,6.8423,7.8046
2008-08-04,6.8471,7.8036
2008-08-05,6.8501,7.8043
2008-08-06,6.8482,7.8050
2008-08-07,6.8555,7.8045
2008-08-08,6.8604,7.8126
2008-08-11,6.8577,7.8081
2008-08-12,6.8659,7.8074
2008-08-13,6.8601,7.8083
2008-08-14,6.8600,7.8097
2008-08-15,6.8649,7.8142
2008-08-18,6.8705,7.8124
2008-08-19,6.8599,7.8108
2008-08-20,6.8529,7.8089
2008-08-21,6.8405,7.8063
2008-08-22,6.8333,7.8059
2008-08-25,6.8480,7.8076
2008-08-26,6.7800,7.8070
2008-08-27,6.8070,7.8074
2008-08-28,6.8405,7.8068
2008-08-29,6.8252,7.8036
2008-09-01,ND,ND
2008-09-02,6.8215,7.8067
2008-09-03,6.8429,7.8076
2008-09-04,6.8510,7.8080
2008-09-05,6.8400,7.8094
2008-09-08,6.8438,7.8014
2008-09-09,6.8381,7.7977
2008-09-10,6.8350,7.7995
2008-09-11,6.8465,7.7973
2008-09-12,6.7810,7.7963
2008-09-15,6.8482,7.7937
2008-09-16,6.8391,7.7760
2008-09-17,6.8290,7.7812
2008-09-18,6.8375,7.7799
2008-09-19,6.8355,7.7770
2008-09-22,6.8306,7.7700
2008-09-23,6.8114,7.7582
2008-09-24,6.8233,7.7608
2008-09-25,6.8150,7.7731
2008-09-26,6.8431,7.7704
2008-09-29,6.8431,7.7629
2008-09-30,6.7899,7.7659
2008-10-01,6.8485,7.7669
2008-10-02,6.8420,7.7707
2008-10-03,6.8431,7.7719
2008-10-06,6.8420,7.7699
2008-10-07,6.8171,7.7736
2008-10-08,6.8171,7.7695
2008-10-09,6.8202,7.7602
2008-10-10,6.8357,7.7590
2008-10-13,ND,ND
2008-10-14,6.8339,7.7599
2008-10-15,6.8350,7.7573
2008-10-16,6.8332,7.7571
2008-10-17,6.8332,7.7554
2008-10-20,6.8299,7.7549
2008-10-21,6.8337,7.7529
2008-10-22,6.8341,7.7523
2008-10-23,6.8354,7.7544
2008-10-24,6.8432,7.7510
2008-10-27,6.8521,7.7515
2008-10-28,6.8385,7.7520
2008-10-29,6.8390,7.7514
2008-10-30,6.8408,7.7511
2008-10-31,6.8388,7.7503
2008-11-03,6.8373,7.7497
2008-11-04,6.8360,7.7499
2008-11-05,6.8285,7.7497
2008-11-06,6.8245,7.7499
2008-11-07,6.8255,7.7497
2008-11-10,6.8267,7.7498
2008-11-11,ND,ND
2008-11-12,6.8293,7.7504
2008-11-13,6.8291,7.7504
2008-11-14,6.8236,7.7498
2008-11-17,6.8264,7.7499
2008-11-18,6.8239,7.7500
2008-11-19,6.8295,7.7498
2008-11-20,6.8340,7.7497
2008-11-21,6.8302,7.7509
2008-11-24,6.8249,7.7523
2008-11-25,6.8220,7.7550
2008-11-26,6.8282,7.7560
2008-11-27,ND,ND
2008-11-28,6.8254,7.7501
2008-12-01,6.8842,7.7510
2008-12-02,6.8786,7.7514
2008-12-03,6.8746,7.7522
2008-12-04,6.8817,7.7516
2008-12-05,6.8812,7.7513
2008-12-08,6.8770,7.7504
2008-12-09,6.8730,7.7501
2008-12-10,6.8640,7.7500
2008-12-11,6.8513,7.7499
2008-12-12,6.8420,7.7497
2008-12-15,6.8480,7.7500
2008-12-16,6.8448,7.7505
2008-12-17,6.8350,7.7500
2008-12-18,6.8341,7.7502
2008-12-19,6.8440,7.7501
2008-12-22,6.8510,7.7508
2008-12-23,6.8480,7.7497
2008-12-24,6.8355,7.7503
2008-12-25,ND,ND
2008-12-26,6.8409,7.7502
2008-12-29,6.8447,7.7500
2008-12-30,6.8295,7.7498
2008-12-31,6.8225,7.7499
2009-01-01,ND,ND
2009-01-02,6.8225,7.7504
2009-01-05,6.8300,7.7525
2009-01-06,6.8360,7.7534
2009-01-07,6.8330,7.7511
2009-01-08,6.8342,7.7551
2009-01-09,6.8350,7.7572
2009-01-12,6.8362,7.7546
2009-01-13,6.8341,7.7546
2009-01-14,6.8347,7.7571
2009-01-15,6.8363,7.7618
2009-01-16,6.8369,7.7597
2009-01-19,ND,ND
2009-01-20,6.8403,7.7583
2009-01-21,6.8392,7.7597
2009-01-22,6.8370,7.7587
2009-01-23,6.8392,7.7566
2009-01-26,6.8392,7.7567
2009-01-27,6.8392,7.7598
2009-01-28,6.8392,7.7581
2009-01-29,6.8392,7.7564
2009-01-30,6.8392,7.7544
2009-02-02,6.8470,7.7544
2009-02-03,6.8399,7.7530
2009-02-04,6.8335,7.7536
2009-02-05,6.8355,7.7528
2009-02-06,6.8338,7.7541
2009-02-09,6.8392,7.7520
2009-02-10,6.8241,7.7515
2009-02-11,6.8332,7.7511
2009-02-12,6.8345,7.7519
2009-02-13,6.8392,7.7528
2009-02-16,ND,ND
2009-02-17,6.8355,7.7545
2009-02-18,6.8378,7.7551
2009-02-19,6.8348,7.7546
2009-02-20,6.8367,7.7543
2009-02-23,6.8355,7.7526
2009-02-24,6.8368,7.7532
2009-02-25,6.8369,7.7533
2009-02-26,6.8361,7.7541
2009-02-27,6.8395,7.7551
2009-03-02,6.8438,7.7573
2009-03-03,6.8413,7.7585
2009-03-04,6.8432,7.7593
2009-03-05,6.8406,7.7574
2009-03-06,6.8395,7.7549
2009-03-09,6.8398,7.7560
2009-03-10,6.8410,7.7554
2009-03-11,6.8399,7.7557
2009-03-12,6.8383,7.7533
2009-03-13,6.8380,7.7527
2009-03-16,6.8381,7.7515
2009-03-17,6.8369,7.7519
2009-03-18,6.8347,7.7523
2009-03-19,6.8240,7.7511
2009-03-20,6.8277,7.7499
2009-03-23,6.8335,7.7502
2009-03-24,6.8294,7.7497
2009-03-25,6.8304,7.7497
2009-03-26,6.8320,7.7497
2009-03-27,6.8310,7.7500
2009-03-30,6.8360,7.7497
2009-03-31,6.8329,7.7500
2009-04-01,6.8339,7.7501
2009-04-02,6.8340,7.7500
2009-04-03,6.8343,7.7500
2009-04-06,6.8343,7.7499
2009-04-07,6.8361,7.7501
2009-04-08,6.8350,7.7505
2009-04-09,6.8340,7.7503
2009-04-10,6.8333,7.7503
2009-04-13,6.8347,7.7505
2009-04-14,6.8320,7.7501
2009-04-15,6.8321,7.7501
2009-04-16,6.8316,7.7501
2009-04-17,6.8325,7.7501
2009-04-20,6.8331,7.7501
2009-04-21,6.8254,7.7505
2009-04-22,6.8296,7.7500
2009-04-23,6.8265,7.7500
2009-04-24,6.8250,7.7495
2009-04-27,6.8270,7.7500
2009-04-28,6.8266,7.7508
2009-04-29,6.8243,7.7501
2009-04-30,6.8180,7.7500
2009-05-01,6.8180,7.7500
2009-05-04,6.8223,7.7500
2009-05-05,6.8185,7.7500
2009-05-06,6.8176,7.7500
2009-05-07,6.8215,7.7500
2009-05-08,6.8200,7.7500
2009-05-11,6.8230,7.7500
2009-05-12,6.8210,7.7500
2009-05-13,6.8220,7.7500
2009-05-14,6.8248,7.7501
2009-05-15,6.8225,7.7508
2009-05-18,6.8265,7.7523
2009-05-19,6.8245,7.7517
2009-05-20,6.8248,7.7520
2009-05-21,6.8245,7.7520
2009-05-22,6.8227,7.7516
2009-05-25,ND,ND
2009-05-26,6.8326,7.7521
2009-05-27,6.8272,7.7525
2009-05-28,6.8278,7.7526
2009-05-29,6.8278,7.7519
2009-06-01,6.8264,7.7516
2009-06-02,6.8305,7.7513
2009-06-03,6.8290,7.7515
2009-06-04,6.8331,7.7509
2009-06-05,6.8329,7.7506
2009-06-08,6.8371,7.7507
2009-06-09,6.8353,7.7507
2009-06-10,6.8330,7.7512
2009-06-11,6.8358,7.7510
2009-06-12,6.8352,7.7499
2009-06-15,6.8361,7.7504
2009-06-16,6.8338,7.7501
2009-06-17,6.8364,7.7503
2009-06-18,6.8344,7.7500
2009-06-19,6.8360,7.7500
2009-06-22,6.8340,7.7501
2009-06-23,6.8346,7.7500
2009-06-24,6.8307,7.7499
2009-06-25,6.8344,7.7500
2009-06-26,6.8330,7.7499
2009-06-29,6.8334,7.7500
2009-06-30,6.8302,7.7500
2009-07-01,6.8331,7.7500
2009-07-02,6.8312,7.7500
2009-07-03,6.8320,7.7495
2009-07-06,6.8342,7.7499
2009-07-07,6.8326,7.7499
2009-07-08,6.8323,7.7501
2009-07-09,6.8317,7.7503
2009-07-10,6.8325,7.7505
2009-07-13,6.8326,7.7504
2009-07-14,6.8330,7.7504
2009-07-15,6.8315,7.7500
2009-07-16,6.8310,7.7499
2009-07-17,6.8309,7.7499
2009-07-20,6.8303,7.7495
2009-07-21,6.8300,7.7499
2009-07-22,6.8305,7.7499
2009-07-23,6.8308,7.7499
2009-07-24,6.8313,7.7500
2009-07-27,6.8312,7.7501
2009-07-28,6.8308,7.7501
2009-07-29,6.8314,7.7495
2009-07-30,6.8321,7.7500
2009-07-31,6.8319,7.7500
2009-08-03,6.8308,7.7500
2009-08-04,6.8302,7.7500
2009-08-05,6.8307,7.7501
2009-08-06,6.8312,7.7502
2009-08-07,6.8316,7.7503
2009-08-10,6.8341,7.7500
2009-08-11,6.8349,7.7500
2009-08-12,6.8349,7.7508
2009-08-13,6.8336,7.7507
2009-08-14,6.8341,7.7506
2009-08-17,6.8358,7.7508
2009-08-18,6.8337,7.7514
2009-08-19,6.8340,7.7516
2009-08-20,6.8317,7.7511
2009-08-21,6.8313,7.7512
2009-08-24,6.8308,7.7501
2009-08-25,6.8318,7.7504
2009-08-26,6.8309,7.7508
2009-08-27,6.8316,7.7511
2009-08-28,6.8300,7.7507
2009-08-31,6.8299,7.7505
2009-09-01,6.8295,7.7507
2009-09-02,6.8303,7.7514
2009-09-03,6.8298,7.7511
2009-09-04,6.8293,7.7503
2009-09-07,ND,ND
2009-09-08,6.8270,7.7498
2009-09-09,6.8286,7.7504
2009-09-10,6.8291,7.7505
2009-09-11,6.8280,7.7500
2009-09-14,6.8282,7.7500
2009-09-15,6.8289,7.7501
2009-09-16,6.8247,7.7500
2009-09-17,6.8262,7.7502
2009-09-18,6.8270,7.7502
2009-09-21,6.8287,7.7505
2009-09-22,6.8268,7.7502
2009-09-23,6.8254,7.7505
2009-09-24,6.8263,7.7502
2009-09-25,6.8273,7.7502
2009-09-28,6.8265,7.7499
2009-09-29,6.8273,7.7501
2009-09-30,6.8262,7.7500
2009-10-01,6.8260,7.7500
2009-10-02,6.8260,7.7500
2009-10-05,6.8260,7.7501
2009-10-06,6.8260,7.7500
2009-10-07,6.8260,7.7496
2009-10-08,6.8260,7.7496
2009-10-09,6.8248,7.7495
2009-10-12,ND,ND
2009-10-13,6.8264,7.7500
2009-10-14,6.8261,7.7495
2009-10-15,6.8270,7.7500
2009-10-16,6.8266,7.7495
2009-10-19,6.8266,7.7502
2009-10-20,6.8254,7.7496
2009-10-21,6.8272,7.7496
2009-10-22,6.8287,7.7495
2009-10-23,6.8280,7.7495
2009-10-26,6.8278,7.7495
2009-10-27,6.8292,7.7495
2009-10-28,6.8270,7.7495
2009-10-29,6.8269,7.7502
2009-10-30,6.8264,7.7497
2009-11-02,6.8268,7.7501
2009-11-03,6.8278,7.7501
2009-11-04,6.8265,7.7496
2009-11-05,6.8269,7.7495
2009-11-06,6.8266,7.7495
2009-11-09,6.8261,7.7498
2009-11-10,6.8255,7.7495
2009-11-11,ND,ND
2009-11-12,6.8267,7.7495
2009-11-13,6.8260,7.7500
2009-11-16,6.8263,7.7500
2009-11-17,6.8260,7.7495
2009-11-18,6.8269,7.7500
2009-11-19,6.8283,7.7495
2009-11-20,6.8277,7.7497
2009-11-23,6.8300,7.7500
2009-11-24,6.8292,7.7495
2009-11-25,6.8272,7.7495
2009-11-26,ND,ND
2009-11-27,6.8272,7.7498
2009-11-30,6.8265,7.7500
2009-12-01,6.8270,7.7495
2009-12-02,6.8260,7.7495
2009-12-03,6.8269,7.7500
2009-12-04,6.8261,7.7495
2009-12-07,6.8288,7.7499
2009-12-08,6.8275,7.7504
2009-12-09,6.8275,7.7505
2009-12-10,6.8264,7.7501
2009-12-11,6.8269,7.7499
2009-12-14,6.8281,7.7514
2009-12-15,6.8270,7.7534
2009-12-16,6.8279,7.7526
2009-12-17,6.8286,7.7559
2009-12-18,6.8280,7.7572
2009-12-21,6.8284,7.7563
2009-12-22,6.8285,7.7530
2009-12-23,6.8282,7.7535
2009-12-24,6.8271,7.7556
2009-12-25,ND,ND
2009-12-28,6.8299,7.7560
2009-12-29,6.8289,7.7546
2009-12-30,6.8244,7.7548
2009-12-31,6.8259,7.7536
2010-01-01,ND,ND
2010-01-04,6.8273,7.7555
2010-01-05,6.8258,7.7564
2010-01-06,6.8272,7.7546
2010-01-07,6.8280,7.7539
2010-01-08,6.8274,7.7553
2010-01-11,6.8263,7.7550
2010-01-12,6.8267,7.7552
2010-01-13,6.8295,7.7564
2010-01-14,6.8265,7.7578
2010-01-15,6.8269,7.7594
2010-01-18,ND,ND
2010-01-19,6.8268,7.7626
2010-01-20,6.8258,7.7684
2010-01-21,6.8268,7.7703
2010-01-22,6.8270,7.7713
2010-01-25,6.8268,7.7679
2010-01-26,6.8263,7.7742
2010-01-27,6.8268,7.7752
2010-01-28,6.8267,7.7691
2010-01-29,6.8268,7.7665
2010-02-01,6.8260,7.7665
2010-02-02,6.8270,7.7675
2010-02-03,6.8260,7.7658
2010-02-04,6.8280,7.7670
2010-02-05,6.8275,7.7703
2010-02-08,6.8265,7.7701
2010-02-09,6.8267,7.7702
2010-02-10,6.8280,7.7716
2010-02-11,6.8328,7.7683
2010-02-12,6.8326,7.7699
2010-02-15,ND,ND
2010-02-16,6.8326,7.7706
2010-02-17,6.8326,7.7671
2010-02-18,6.8330,7.7656
2010-02-19,6.8290,7.7658
2010-02-22,6.8264,7.7629
2010-02-23,6.8267,7.7621
2010-02-24,6.8269,7.7657
2010-02-25,6.8267,7.7640
2010-02-26,6.8258,7.7619
2010-03-01,6.8263,7.7647
2010-03-02,6.8265,7.7623
2010-03-03,6.8258,7.7621
2010-03-04,6.8258,7.7632
2010-03-05,6.8260,7.7634
2010-03-08,6.8261,7.7578
2010-03-09,6.8263,7.7597
2010-03-10,6.8259,7.7587
2010-03-11,6.8266,7.7590
2010-03-12,6.8254,7.7574
2010-03-15,6.8259,7.7588
2010-03-16,6.8257,7.7606
2010-03-17,6.8259,7.7608
2010-03-18,6.8261,7.7608
2010-03-19,6.8265,7.7590
2010-03-22,6.8266,7.7609
2010-03-23,6.8263,7.7621
2010-03-24,6.8266,7.7609
2010-03-25,6.8270,7.7609
2010-03-26,6.8269,7.7620
2010-03-29,6.8264,7.7635
2010-03-30,6.8258,7.7648
2010-03-31,6.8258,7.7647
2010-04-01,6.8263,7.7671
2010-04-02,6.8255,7.7672
2010-04-05,6.8256,7.7659
2010-04-06,6.8250,7.7652
2010-04-07,6.8254,7.7614
2010-04-08,6.8240,7.7580
2010-04-09,6.8229,7.7565
2010-04-12,6.8252,7.7580
2010-04-13,6.8255,7.7607
2010-04-14,6.8258,7.7605
2010-04-15,6.8260,7.7608
2010-04-16,6.8253,7.7621
2010-04-19,6.8262,7.7611
2010-04-20,6.8253,7.7634
2010-04-21,6.8275,7.7636
2010-04-22,6.8263,7.7626
2010-04-23,6.8270,7.7628
2010-04-26,6.8266,7.7629
2010-04-27,6.8256,7.7639
2010-04-28,6.8245,7.7675
2010-04-29,6.8259,7.7645
2010-04-30,6.8247,7.7637
2010-05-03,6.8245,7.7626
2010-05-04,6.8260,7.7644
2010-05-05,6.8263,7.7666
2010-05-06,6.8265,7.7725
2010-05-07,6.8254,7.7790
2010-05-10,6.8263,7.7795
2010-05-11,6.8285,7.7795
2010-05-12,6.8270,7.7813
2010-05-13,6.8278,7.7813
2010-05-14,6.8263,7.7822
2010-05-17,6.8274,7.8018
2010-05-18,6.8273,7.7969
2010-05-19,6.8269,7.7998
2010-05-20,6.8277,7.8021
2010-05-21,6.8262,7.8030
2010-05-24,6.8286,7.8006
2010-05-25,6.8310,7.8008
2010-05-26,6.8292,7.7849
2010-05-27,6.8296,7.7890
2010-05-28,6.8305,7.7850
2010-05-31,ND,ND
2010-06-01,6.8275,7.7912
2010-06-02,6.8296,7.7935
2010-06-03,6.8283,7.7906
2010-06-04,6.8268,7.7919
2010-06-07,6.8322,7.8018
2010-06-08,6.8294,7.8040
2010-06-09,6.8285,7.8013
2010-06-10,6.8305,7.7903
2010-06-11,6.8320,7.7935
2010-06-14,6.8323,7.7920
2010-06-15,6.8323,7.7917
2010-06-16,6.8323,7.7909
2010-06-17,6.8290,7.7859
2010-06-18,6.8267,7.7823
2010-06-21,6.7968,7.7690
2010-06-22,6.8127,7.7778
2010-06-23,6.8124,7.7767
2010-06-24,6.8001,7.7789
2010-06-25,6.7911,7.7785
2010-06-28,6.7960,7.7838
2010-06-29,6.7977,7.7837
2010-06-30,6.7815,7.7865
2010-07-01,6.7807,7.7953
2010-07-02,6.7709,7.7962
2010-07-05,ND,ND
2010-07-06,6.7801,7.7872
2010-07-07,6.7770,7.7897
2010-07-08,6.7763,7.7883
2010-07-09,6.7720,7.7736
2010-07-12,6.7709,7.7710
2010-07-13,6.7720,7.7732
2010-07-14,6.7714,7.7699
2010-07-15,6.7774,7.7694
2010-07-16,6.7750,7.7758
2010-07-19,6.7780,7.7748
2010-07-20,6.7781,7.7736
2010-07-21,6.7769,7.7739
2010-07-22,6.7795,7.7739
2010-07-23,6.7803,7.7667
2010-07-26,6.7788,7.7660
2010-07-27,6.7781,7.7651
2010-07-28,6.7780,7.7657
2010-07-29,6.7760,7.7656
2010-07-30,6.7735,7.7672
2010-08-02,6.7740,7.7638
2010-08-03,6.7728,7.7605
2010-08-04,6.7720,7.7636
2010-08-05,6.7705,7.7637
2010-08-06,6.7680,7.7629
2010-08-09,6.7670,7.7613
2010-08-10,6.7720,7.7638
2010-08-11,6.7745,7.7662
2010-08-12,6.7843,7.7679
2010-08-13,6.7957,7.7723
2010-08-16,6.8038,7.7723
2010-08-17,6.7920,7.7699
2010-08-18,6.7911,7.7691
2010-08-19,6.7897,7.7697
2010-08-20,6.7900,7.7759
2010-08-23,6.7995,7.7747
2010-08-24,6.7966,7.7769
2010-08-25,6.7995,7.7770
2010-08-26,6.7998,7.7780
2010-08-27,6.7977,7.7788
2010-08-30,6.8029,7.7787
2010-08-31,6.8069,7.7781
2010-09-01,6.8102,7.7738
2010-09-02,6.8070,7.7702
2010-09-03,6.8014,7.7714
2010-09-06,ND,ND
2010-09-07,6.7906,7.7679
2010-09-08,6.7940,7.7692
2010-09-09,6.7820,7.7691
2010-09-10,6.7690,7.7660
2010-09-13,6.7595,7.7666
2010-09-14,6.7430,7.7657
2010-09-15,6.7380,7.7667
2010-09-16,6.7250,7.7668
2010-09-17,6.7230,7.7646
2010-09-20,6.7135,7.7634
2010-09-21,6.7059,7.7617
2010-09-22,6.7035,7.7581
2010-09-23,6.7046,7.7591
2010-09-24,6.7035,7.7561
2010-09-27,6.6911,7.7579
2010-09-28,6.6904,7.7578
2010-09-29,6.6869,7.7574
2010-09-30,6.6905,7.7599
2010-10-01,6.6895,7.7573
2010-10-04,6.6912,7.7579
2010-10-05,6.6906,7.7558
2010-10-06,6.6893,7.7552
2010-10-07,6.6903,7.7527
2010-10-08,6.6710,7.7567
2010-10-11,ND,ND
2010-10-12,6.6733,7.7586
2010-10-13,6.6634,7.7599
2010-10-14,6.6505,7.7578
2010-10-15,6.6397,7.7573
2010-10-18,6.6440,7.7569
2010-10-19,6.6444,7.7595
2010-10-20,6.6518,7.7626
2010-10-21,6.6502,7.7638
2010-10-22,6.6583,7.7648
2010-10-25,6.6579,7.7578
2010-10-26,6.6625,7.7583
2010-10-27,6.6805,7.7587
2010-10-28,6.6867,7.7561
2010-10-29,6.6707,7.7515
2010-11-01,6.6892,7.7515
2010-11-02,6.6775,7.7510
2010-11-03,6.6758,7.7504
2010-11-04,6.6609,7.7501
2010-11-05,6.6550,7.7506
2010-11-08,6.6791,7.7506
2010-11-09,6.6424,7.7508
2010-11-10,6.6335,7.7505
2010-11-11,ND,ND
2010-11-12,6.6368,7.7511
2010-11-15,6.6418,7.7523
2010-11-16,6.6378,7.7543
2010-11-17,6.6415,7.7559
2010-11-18,6.6330,7.7527
2010-11-19,6.6398,7.7536
2010-11-22,6.6414,7.7540
2010-11-23,6.6433,7.7588
2010-11-24,6.6529,7.7593
2010-11-25,ND,ND
2010-11-26,6.6675,7.7634
2010-11-29,6.6600,7.7656
2010-11-30,6.6670,7.7649
2010-12-01,6.6630,7.7665
2010-12-02,6.6609,7.7659
2010-12-03,6.6628,7.7616
2010-12-06,6.6483,7.7612
2010-12-07,6.6455,7.7630
2010-12-08,6.6616,7.7680
2010-12-09,6.6549,7.7731
2010-12-10,6.6550,7.7737
2010-12-13,6.6652,7.7780
2010-12-14,6.6563,7.7727
2010-12-15,6.6541,7.7757
2010-12-16,6.6635,7.7771
2010-12-17,6.6545,7.7768
2010-12-20,6.6745,7.7756
2010-12-21,6.6580,7.7735
2010-12-22,6.6450,7.7789
2010-12-23,6.6450,7.7778
2010-12-24,ND,ND
2010-12-27,6.6306,7.7833
2010-12-28,6.6247,7.7803
2010-12-29,6.6200,7.7821
2010-12-30,6.6000,7.7810
2010-12-31,ND,ND
2011-01-03,6.5895,7.7683
2011-01-04,6.6065,7.7694
2011-01-05,6.5850,7.7704
2011-01-06,6.6260,7.7735
2011-01-07,6.6276,7.7714
2011-01-10,6.6364,7.7774
2011-01-11,6.6185,7.7759
2011-01-12,6.6037,7.7737
2011-01-13,6.6044,7.7738
2011-01-14,6.5876,7.7741
2011-01-17,ND,ND
2011-01-18,6.5828,7.7773
2011-01-19,6.5823,7.7775
2011-01-20,6.5852,7.7858
2011-01-21,6.5831,7.7891
2011-01-24,6.5809,7.7978
2011-01-25,6.5824,7.7922
2011-01-26,6.5814,7.7859
2011-01-27,6.5814,7.7876
2011-01-28,6.5819,7.7927
2011-01-31,6.6017,7.7926
2011-02-01,6.5937,7.7913
2011-02-02,6.5560,7.7862
2011-02-03,6.5560,7.7859
2011-02-04,6.5560,7.7863
2011-02-07,6.5600,7.7841
2011-02-08,6.5520,7.7823
2011-02-09,6.5914,7.7848
2011-02-10,6.5864,7.7899
2011-02-11,6.5917,7.7945
2011-02-14,6.5965,7.7952
2011-02-15,6.5884,7.7941
2011-02-16,6.5884,7.7898
2011-02-17,6.5850,7.7872
2011-02-18,6.5731,7.7844
2011-02-21,ND,ND
2011-02-22,6.5795,7.7925
2011-02-23,6.5741,7.7945
2011-02-24,6.5720,7.7957
2011-02-25,6.5749,7.7933
2011-02-28,6.5713,7.7883
2011-03-01,6.5700,7.7887
2011-03-02,6.5723,7.7897
2011-03-03,6.5717,7.7891
2011-03-04,6.5670,7.7879
2011-03-07,6.5540,7.7858
2011-03-08,6.5684,7.7875
2011-03-09,6.5580,7.7867
2011-03-10,6.5731,7.7890
2011-03-11,6.5742,7.7877
2011-03-14,6.5696,7.7910
2011-03-15,6.5730,7.7959
2011-03-16,6.5713,7.7962
2011-03-17,6.5743,7.8012
2011-03-18,6.5689,7.7999
2011-03-21,6.5635,7.7983
2011-03-22,6.5510,7.7925
2011-03-23,6.5591,7.7925
2011-03-24,6.5580,7.7937
2011-03-25,6.5568,7.7931
2011-03-28,6.5643,7.7996
2011-03-29,6.5600,7.7935
2011-03-30,6.5558,7.7843
2011-03-31,6.5483,7.7750
2011-04-01,6.5477,7.7784
2011-04-04,6.5385,7.7712
2011-04-05,6.5390,7.7715
2011-04-06,6.5440,7.7729
2011-04-07,6.5420,7.7700
2011-04-08,6.5350,7.7671
2011-04-11,6.5381,7.7682
2011-04-12,6.5402,7.7729
2011-04-13,6.5333,7.7753
2011-04-14,6.5310,7.7734
2011-04-15,6.5317,7.7733
2011-04-18,6.5286,7.7763
2011-04-19,6.5303,7.7774
2011-04-20,6.5254,7.7705
2011-04-21,6.4920,7.7669
2011-04-22,6.5067,7.7707
2011-04-25,6.5277,7.7717
2011-04-26,6.5270,7.7707
2011-04-27,6.5112,7.7690
2011-04-28,6.5010,7.7693
2011-04-29,6.4900,7.7673
2011-05-02,6.4920,7.7652
2011-05-03,6.4955,7.7671
2011-05-04,6.4925,7.7700
2011-05-05,6.4931,7.7717
2011-05-06,6.4925,7.7697
2011-05-09,6.4937,7.7717
2011-05-10,6.4915,7.7725
2011-05-11,6.4915,7.7699
2011-05-12,6.4986,7.7719
2011-05-13,6.4977,7.7724
2011-05-16,6.5073,7.7771
2011-05-17,6.5057,7.7744
2011-05-18,6.5029,7.7745
2011-05-19,6.5042,7.7743
2011-05-20,6.4917,7.7733
2011-05-23,6.5050,7.7772
2011-05-24,6.4990,7.7767
2011-05-25,6.4930,7.7813
2011-05-26,6.4913,7.7855
2011-05-27,6.4920,7.7839
2011-05-30,ND,ND
2011-05-31,6.4786,7.7777
2011-06-01,6.4780,7.7767
2011-06-02,6.4824,7.7797
2011-06-03,6.4796,7.7771
2011-06-06,6.4796,7.7790
2011-06-07,6.4810,7.7787
2011-06-08,6.4754,7.7814
2011-06-09,6.4757,7.7826
2011-06-10,6.4801,7.7826
2011-06-13,6.4830,7.7851
2011-06-14,6.4794,7.7841
2011-06-15,6.4820,7.7895
2011-06-16,6.4746,7.7976
2011-06-17,6.4700,7.7921
2011-06-20,6.4720,7.7929
2011-06-21,6.4650,7.7899
2011-06-22,6.4628,7.7891
2011-06-23,6.4676,7.7906
2011-06-24,6.4737,7.7874
2011-06-27,6.4815,7.7873
2011-06-28,6.4699,7.7843
2011-06-29,6.4633,7.7819
2011-06-30,6.4635,7.7814
2011-07-01,6.4645,7.7802
2011-07-04,ND,ND
2011-07-05,6.4660,7.7803
2011-07-06,6.4670,7.7817
2011-07-07,6.4655,7.7828
2011-07-08,6.4645,7.7818
2011-07-11,6.4671,7.7885
2011-07-12,6.4720,7.7939
2011-07-13,6.4675,7.7885
2011-07-14,6.4590,7.7892
2011-07-15,6.4610,7.7933
2011-07-18,6.4688,7.7964
2011-07-19,6.4631,7.7942
2011-07-20,6.4581,7.7912
2011-07-21,6.4535,7.7919
2011-07-22,6.4464,7.7903
2011-07-25,6.4450,7.7920
2011-07-26,6.4411,7.7904
2011-07-27,6.4428,7.7909
2011-07-28,6.4418,7.7919
2011-07-29,6.4360,7.7942
2011-08-01,6.4337,7.7906
2011-08-02,6.4379,7.7945
2011-08-03,6.4340,7.7988
2011-08-04,6.4377,7.8014
2011-08-05,6.4401,7.8065
2011-08-08,6.4342,7.8047
2011-08-09,6.4304,7.8087
2011-08-10,6.4172,7.8057
2011-08-11,6.3935,7.7928
2011-08-12,6.3892,7.7930
2011-08-15,6.3902,7.7930
2011-08-16,6.3818,7.7904
2011-08-17,6.3839,7.7895
2011-08-18,6.3873,7.7949
2011-08-19,6.3910,7.7967
2011-08-22,6.4004,7.7989
2011-08-23,6.3975,7.7970
2011-08-24,6.3880,7.7950
2011-08-25,6.3900,7.7951
2011-08-26,6.3860,7.7962
2011-08-29,6.3809,7.7944
2011-08-30,6.3802,7.7940
2011-08-31,6.3778,7.7876
2011-09-01,6.3812,7.7830
2011-09-02,6.3821,7.7857
2011-09-05,ND,ND
2011-09-06,6.3901,7.7948
2011-09-07,6.3940,7.7939
2011-09-08,6.3833,7.7932
2011-09-09,6.3880,7.7934
2011-09-12,6.3877,7.8001
2011-09-13,6.3970,7.8040
2011-09-14,6.3910,7.8036
2011-09-15,6.3904,7.7900
2011-09-16,6.3833,7.7942
2011-09-19,6.3864,7.7978
2011-09-20,6.3837,7.7913
2011-09-21,6.3811,7.7888
2011-09-22,6.3879,7.8011
2011-09-23,6.3877,7.8015
2011-09-26,6.3975,7.7993
2011-09-27,6.3975,7.7959
2011-09-28,6.3933,7.7940
2011-09-29,6.3964,7.7908
2011-09-30,6.3780,7.7840
2011-10-03,6.3745,7.7884
2011-10-04,6.3745,7.7845
2011-10-05,6.3745,7.7833
2011-10-06,6.3780,7.7815
2011-10-07,6.3745,7.7817
2011-10-10,ND,ND
2011-10-11,6.3745,7.7805
2011-10-12,6.3580,7.7788
2011-10-13,6.3820,7.7773
2011-10-14,6.3780,7.7774
2011-10-17,6.3695,7.7775
2011-10-18,6.3804,7.7773
2011-10-19,6.3769,7.7761
2011-10-20,6.3825,7.7793
2011-10-21,6.3823,7.7813
2011-10-24,6.3744,7.7779
2011-10-25,6.3605,7.7741
2011-10-26,6.3534,7.7733
2011-10-27,6.3590,7.7695
2011-10-28,6.3570,7.7634
2011-10-31,6.3547,7.7641
2011-11-01,6.3547,7.7717
2011-11-02,6.3550,7.7704
2011-11-03,6.3513,7.7696
2011-11-04,6.3400,7.7679
2011-11-07,6.3481,7.7690
2011-11-08,6.3462,7.7688
2011-11-09,6.3401,7.7708
2011-11-10,6.3454,7.7815
2011-11-11,ND,ND
2011-11-14,6.3536,7.7813
2011-11-15,6.3464,7.7819
2011-11-16,6.3445,7.7835
2011-11-17,6.3505,7.7850
2011-11-18,6.3565,7.7880
2011-11-21,6.3603,7.7889
2011-11-22,6.3605,7.7907
2011-11-23,6.3576,7.7940
2011-11-24,ND,ND
2011-11-25,6.3802,7.7957
2011-11-28,6.3839,7.7932
2011-11-29,6.3769,7.7923
2011-11-30,6.3765,7.7730
2011-12-01,6.3655,7.7695
2011-12-02,6.3596,7.7676
2011-12-05,6.3629,7.7695
2011-12-06,6.3645,7.7723
2011-12-07,6.3642,7.7726
2011-12-08,6.3618,7.7757
2011-12-09,6.3641,7.7817
2011-12-12,6.3604,7.7830
2011-12-13,6.3648,7.7767
2011-12-14,6.3710,7.7839
2011-12-15,6.3733,7.7805
2011-12-16,6.3479,7.7844
2011-12-19,6.3376,7.7851
2011-12-20,6.3459,7.7823
2011-12-21,6.3386,7.7813
2011-12-22,6.3392,7.7817
2011-12-23,6.3364,7.7760
2011-12-26,ND,ND
2011-12-27,6.3210,7.7764
2011-12-28,6.3211,7.7726
2011-12-29,6.3187,7.7725
2011-12-30,6.2939,7.7663
2012-01-02,ND,ND
2012-01-03,6.2940,7.7670
2012-01-04,6.2941,7.7674
2012-01-05,6.3013,7.7650
2012-01-06,6.3088,7.7654
2012-01-09,6.3143,7.7660
2012-01-10,6.3141,7.7657
2012-01-11,6.3149,7.7663
2012-01-12,6.3177,7.7671
2012-01-13,6.3065,7.7672
2012-01-16,ND,ND
2012-01-17,6.3136,7.7652
2012-01-18,6.3109,7.7608
2012-01-19,6.3162,7.7596
2012-01-20,6.3330,7.7608
2012-01-23,6.3330,7.7596
2012-01-24,6.3330,7.7598
2012-01-25,6.3330,7.7603
2012-01-26,6.3330,7.7562
2012-01-27,6.3330,7.7538
2012-01-30,6.3310,7.7557
2012-01-31,6.3080,7.7555
2012-02-01,6.3076,7.7552
2012-02-02,6.3017,7.7551
2012-02-03,6.3027,7.7539
2012-02-06,6.3120,7.7540
2012-02-07,6.3046,7.7534
2012-02-08,6.2938,7.7533
2012-02-09,6.2947,7.7559
2012-02-10,6.2991,7.7549
2012-02-13,6.2972,7.7535
2012-02-14,6.2995,7.7544
2012-02-15,6.2998,7.7532
2012-02-16,6.3014,7.7538
2012-02-17,6.2985,7.7535
2012-02-20,ND,ND
2012-02-21,6.2960,7.7544
2012-02-22,6.2960,7.7550
2012-02-23,6.2980,7.7555
2012-02-24,6.2976,7.7538
2012-02-27,6.3012,7.7549
2012-02-28,6.2989,7.7550
2012-02-29,6.2935,7.7551
2012-03-01,6.3001,7.7551
2012-03-02,6.2982,7.7585
2012-03-05,6.3066,7.7627
2012-03-06,6.3082,7.7635
2012-03-07,6.3097,7.7636
2012-03-08,6.3159,7.7553
2012-03-09,6.3109,7.7557
2012-03-12,6.3258,7.7585
2012-03-13,6.3266,7.7593
2012-03-14,6.3315,7.7614
2012-03-15,6.3282,7.7612
2012-03-16,6.3222,7.7620
2012-03-19,6.3191,7.7623
2012-03-20,6.3203,7.7625
2012-03-21,6.3226,7.7644
2012-03-22,6.2990,7.7652
2012-03-23,6.3021,7.7678
2012-03-26,6.3139,7.7676
2012-03-27,6.3061,7.7635
2012-03-28,6.3044,7.7648
2012-03-29,6.3057,7.7642
2012-03-30,6.2975,7.7656
2012-04-02,6.2979,7.7660
2012-04-03,6.2975,7.7650
2012-04-04,6.2975,7.7649
2012-04-05,6.3123,7.7643
2012-04-06,6.3052,7.7650
2012-04-09,6.3100,7.7655
2012-04-10,6.3105,7.7649
2012-04-11,6.3076,7.7649
2012-04-12,6.3069,7.7638
2012-04-13,6.3022,7.7588
2012-04-16,6.3150,7.7580
2012-04-17,6.3015,7.7590
2012-04-18,6.3026,7.7609
2012-04-19,6.3029,7.7631
2012-04-20,6.3080,7.7607
2012-04-23,6.3084,7.7617
2012-04-24,6.3073,7.7595
2012-04-25,6.3039,7.7600
2012-04-26,6.3054,7.7596
2012-04-27,6.3093,7.7594
2012-04-30,6.2790,7.7587
2012-05-01,6.3089,7.7583
2012-05-02,6.3070,7.7585
2012-05-03,6.3052,7.7591
2012-05-04,6.3059,7.7608
2012-05-07,6.3074,7.7632
2012-05-08,6.3076,7.7622
2012-05-09,6.3096,7.7636
2012-05-10,6.3140,7.7637
2012-05-11,6.3097,7.7662
2012-05-14,6.3210,7.7663
2012-05-15,6.3176,7.7682
2012-05-16,6.3227,7.7686
2012-05-17,6.3247,7.7699
2012-05-18,6.3245,7.7673
2012-05-21,6.3277,7.7647
2012-05-22,6.3223,7.7652
2012-05-23,6.3343,7.7642
2012-05-24,6.3449,7.7640
2012-05-25,6.3439,7.7629
2012-05-28,ND,ND
2012-05-29,6.3478,7.7638
2012-05-30,6.3574,7.7667
2012-05-31,6.3684,7.7616
2012-06-01,6.3692,7.7603
2012-06-04,6.3641,7.7583
2012-06-05,6.3670,7.7588
2012-06-06,6.3634,7.7578
2012-06-07,6.3634,7.7582
2012-06-08,6.3700,7.7582
2012-06-11,6.3690,7.7599
2012-06-12,6.3703,7.7593
2012-06-13,6.3685,7.7590
2012-06-14,6.3702,7.7592
2012-06-15,6.3649,7.7584
2012-06-18,6.3539,7.7585
2012-06-19,6.3542,7.7591
2012-06-20,6.3597,7.7590
2012-06-21,6.3644,7.7605
2012-06-22,6.3644,7.7610
2012-06-25,6.3631,7.7604
2012-06-26,6.3626,7.7590
2012-06-27,6.3561,7.7584
2012-06-28,6.3570,7.7590
2012-06-29,6.3530,7.7572
2012-07-02,6.3487,7.7578
2012-07-03,6.3519,7.7540
2012-07-04,ND,ND
2012-07-05,6.3557,7.7544
2012-07-06,6.3640,7.7542
2012-07-09,6.3709,7.7546
2012-07-10,6.3654,7.7544
2012-07-11,6.3682,7.7542
2012-07-12,6.3732,7.7578
2012-07-13,6.3789,7.7570
2012-07-16,6.3784,7.7568
2012-07-17,6.3725,7.7568
2012-07-18,6.3690,7.7559
2012-07-19,6.3724,7.7557
2012-07-20,6.3734,7.7570
2012-07-23,6.3856,7.7573
2012-07-24,6.3857,7.7580
2012-07-25,6.3879,7.7577
2012-07-26,6.3839,7.7586
2012-07-27,6.3807,7.7569
2012-07-30,6.3792,7.7553
2012-07-31,6.3610,7.7538
2012-08-01,6.3680,7.7551
2012-08-02,6.3671,7.7543
2012-08-03,6.3721,7.7552
2012-08-06,6.3738,7.7555
2012-08-07,6.3664,7.7549
2012-08-08,6.3610,7.7557
2012-08-09,6.3579,7.7556
2012-08-10,6.3599,7.7569
2012-08-13,6.3611,7.7569
2012-08-14,6.3586,7.7570
2012-08-15,6.3619,7.7574
2012-08-16,6.3659,7.7570
2012-08-17,6.3580,7.7571
2012-08-20,6.3592,7.7573
2012-08-21,6.3559,7.7570
2012-08-22,6.3515,7.7565
2012-08-23,6.3535,7.7564
2012-08-24,6.3542,7.7567
2012-08-27,6.3558,7.7560
2012-08-28,6.3525,7.7563
2012-08-29,6.3513,7.7557
2012-08-30,6.3494,7.7562
2012-08-31,6.3484,7.7560
2012-09-03,ND,ND
2012-09-04,6.3465,7.7564
2012-09-05,6.3489,7.7569
2012-09-06,6.3428,7.7568
2012-09-07,6.3428,7.7556
2012-09-10,6.3375,7.7551
2012-09-11,6.3349,7.7546
2012-09-12,6.3261,7.7548
2012-09-13,6.3294,7.7545
2012-09-14,6.3145,7.7510
2012-09-17,6.3170,7.7517
2012-09-18,6.3187,7.7523
2012-09-19,6.3091,7.7529
2012-09-20,6.3036,7.7532
2012-09-21,6.3051,7.7527
2012-09-24,6.3090,7.7530
2012-09-25,6.3057,7.7533
2012-09-26,6.3015,7.7540
2012-09-27,6.3021,7.7537
2012-09-28,6.2848,7.7540
2012-10-01,6.2840,7.7543
2012-10-02,6.2840,7.7545
2012-10-03,6.2840,7.7549
2012-10-04,6.2840,7.7546
2012-10-05,6.2840,7.7521
2012-10-08,ND,ND
2012-10-09,6.2877,7.7521
2012-10-10,6.2831,7.7525
2012-10-11,6.2765,7.7523
2012-10-12,6.2670,7.7518
2012-10-15,6.2700,7.7508
2012-10-16,6.2637,7.7512
2012-10-17,6.2540,7.7515
2012-10-18,6.2501,7.7501
2012-10-19,6.2533,7.7501
2012-10-22,6.2543,7.7499
2012-10-23,6.2478,7.7500
2012-10-24,6.2478,7.7500
2012-10-25,6.2416,7.7503
2012-10-26,6.2480,7.7501
2012-10-29,6.2384,7.7498
2012-10-30,6.2396,7.7501
2012-10-31,6.2372,7.7494
2012-11-01,6.2393,7.7500
2012-11-02,6.2411,7.7493
2012-11-05,6.2452,7.7502
2012-11-06,6.2454,7.7503
2012-11-07,6.2435,7.7505
2012-11-08,6.2427,7.7510
2012-11-09,6.2450,7.7513
2012-11-12,ND,ND
2012-11-13,6.2260,7.7503
2012-11-14,6.2250,7.7505
2012-11-15,6.2329,7.7518
2012-11-16,6.2354,7.7517
2012-11-19,6.2343,7.7517
2012-11-20,6.2324,7.7501
2012-11-21,6.2300,7.7504
2012-11-22,ND,ND
2012-11-23,6.2275,7.7501
2012-11-26,6.2253,7.7501
2012-11-27,6.2221,7.7501
2012-11-28,6.2273,7.7500
2012-11-29,6.2281,7.7500
2012-11-30,6.2265,7.7501
2012-12-03,6.2277,7.7500
2012-12-04,6.2254,7.7500
2012-12-05,6.2251,7.7500
2012-12-06,6.2282,7.7493
2012-12-07,6.2299,7.7494
2012-12-10,6.2296,7.7498
2012-12-11,6.2460,7.7496
2012-12-12,6.2502,7.7495
2012-12-13,6.2316,7.7500
2012-12-14,6.2410,7.7496
2012-12-17,6.2360,7.7501
2012-12-18,6.2322,7.7501
2012-12-19,6.2293,7.7497
2012-12-20,6.2297,7.7501
2012-12-21,6.2284,7.7502
2012-12-24,6.2335,7.7506
2012-12-25,ND,ND
2012-12-26,6.2351,7.7503
2012-12-27,6.2358,7.7515
2012-12-28,6.2315,7.7518
2012-12-31,6.2301,7.7507
2013-01-01,ND,ND
2013-01-02,6.2301,7.7507
2013-01-03,6.2301,7.7503
2013-01-04,6.2303,7.7503
2013-01-07,6.2294,7.7507
2013-01-08,6.2235,7.7508
2013-01-09,6.2260,7.7512
2013-01-10,6.2230,7.7514
2013-01-11,6.2156,7.7518
2013-01-14,6.2190,7.7523
2013-01-15,6.2134,7.7518
2013-01-16,6.2160,7.7526
2013-01-17,6.2158,7.7524
2013-01-18,6.2152,7.7526
2013-01-21,ND,ND
2013-01-22,6.2196,7.7532
2013-01-23,6.2178,7.7530
2013-01-24,6.2179,7.7530
2013-01-25,6.2203,7.7535
2013-01-28,6.2240,7.7581
2013-01-29,6.2259,7.7585
2013-01-30,6.2204,7.7585
2013-01-31,6.2186,7.7560
2013-02-01,6.2265,7.7562
2013-02-04,6.2326,7.7531
2013-02-05,6.2292,7.7546
2013-02-06,6.2315,7.7543
2013-02-07,6.2323,7.7553
2013-02-08,6.2323,7.7550
2013-02-11,6.2323,7.7552
2013-02-12,6.2323,7.7548
2013-02-13,6.2323,7.7557
2013-02-14,6.2323,7.7542
2013-02-15,6.2323,7.7542
2013-02-18,ND,ND
2013-02-19,6.2438,7.7542
2013-02-20,6.2371,7.7546
2013-02-21,6.2403,7.7556
2013-02-22,6.2346,7.7560
2013-02-25,6.2337,7.7562
2013-02-26,6.2293,7.7580
2013-02-27,6.2271,7.7572
2013-02-28,6.2213,7.7546
2013-03-01,6.2226,7.7551
2013-03-04,6.2246,7.7552
2013-03-05,6.2208,7.7555
2013-03-06,6.2173,7.7557
2013-03-07,6.2200,7.7561
2013-03-08,6.2145,7.7565
2013-03-11,6.2179,7.7570
2013-03-12,6.2160,7.7567
2013-03-13,6.2137,7.7582
2013-03-14,6.2145,7.7582
2013-03-15,6.2133,7.7590
2013-03-18,6.2156,7.7615
2013-03-19,6.2154,7.7606
2013-03-20,6.2117,7.7621
2013-03-21,6.2141,7.7622
2013-03-22,6.2120,7.7627
2013-03-25,6.2105,7.7615
2013-03-26,6.2108,7.7592
2013-03-27,6.2138,7.7640
2013-03-28,6.2143,7.7625
2013-03-29,6.2108,7.7629
2013-04-01,6.2078,7.7635
2013-04-02,6.1992,7.7625
2013-04-03,6.1962,7.7618
2013-04-04,6.2005,7.7636
2013-04-05,6.2005,7.7652
2013-04-08,6.2031,7.7643
2013-04-09,6.2022,7.7641
2013-04-10,6.1938,7.7624
2013-04-11,6.1961,7.7615
2013-04-12,6.1914,7.7615
2013-04-15,6.1866,7.7622
2013-04-16,6.1824,7.7625
2013-04-17,6.1720,7.7628
2013-04-18,6.1811,7.7636
2013-04-19,6.1772,7.7637
2013-04-22,6.1823,7.7638
2013-04-23,6.1790,7.7644
2013-04-24,6.1782,7.7644
2013-04-25,6.1707,7.7645
2013-04-26,6.1647,7.7635
2013-04-29,6.1647,7.7610
2013-04-30,6.1647,7.7606
2013-05-01,6.1647,7.7603
2013-05-02,6.1560,7.7587
2013-05-03,6.1555,7.7591
2013-05-06,6.1665,7.7594
2013-05-07,6.1539,7.7606
2013-05-08,6.1410,7.7595
2013-05-09,6.1306,7.7590
2013-05-10,6.1415,7.7606
2013-05-13,6.1465,7.7616
2013-05-14,6.1426,7.7613
2013-05-15,6.1454,7.7617
2013-05-16,6.1487,7.7638
2013-05-17,6.1410,7.7627
2013-05-20,6.1386,7.7617
2013-05-21,6.1353,7.7607
2013-05-22,6.1309,7.7613
2013-05-23,6.1337,7.7625
2013-05-24,6.1311,7.7635
2013-05-27,ND,ND
2013-05-28,6.1213,7.7636
2013-05-29,6.1264,7.7637
2013-05-30,6.1307,7.7639
2013-05-31,6.1340,7.7625
2013-06-03,6.1312,7.7626
2013-06-04,6.1285,7.7612
2013-06-05,6.1276,7.7610
2013-06-06,6.1359,7.7617
2013-06-07,6.1333,7.7629
2013-06-10,6.1333,7.7640
2013-06-11,6.1333,7.7646
2013-06-12,6.1333,7.7654
2013-06-13,6.1341,7.7638
2013-06-14,6.1306,7.7612
2013-06-17,6.1248,7.7598
2013-06-18,6.1283,7.7583
2013-06-19,6.1264,7.7564
2013-06-20,6.1277,7.7534
2013-06-21,6.1328,7.7583
2013-06-24,6.1441,7.7581
2013-06-25,6.1448,7.7580
2013-06-26,6.1468,7.7584
2013-06-27,6.1488,7.7579
2013-06-28,6.1374,7.7560
2013-07-01,6.1325,7.7554
2013-07-02,6.1327,7.7535
2013-07-03,6.1301,7.7545
2013-07-04,ND,ND
2013-07-05,6.1324,7.7547
2013-07-08,6.1337,7.7562
2013-07-09,6.1293,7.7562
2013-07-10,6.1336,7.7569
2013-07-11,6.1350,7.7572
2013-07-12,6.1373,7.7581
2013-07-15,6.1373,7.7587
2013-07-16,6.1345,7.7572
2013-07-17,6.1351,7.7576
2013-07-18,6.1408,7.7575
2013-07-19,6.1377,7.7577
2013-07-22,6.1404,7.7579
2013-07-23,6.1369,7.7576
2013-07-24,6.1358,7.7575
2013-07-25,6.1346,7.7577
2013-07-26,6.1316,7.7571
2013-07-29,6.1323,7.7574
2013-07-30,6.1315,7.7549
2013-07-31,6.1284,7.7558
2013-08-01,6.1302,7.7559
2013-08-02,6.1293,7.7557
2013-08-05,6.1245,7.7564
2013-08-06,6.1215,7.7561
2013-08-07,6.1190,7.7564
2013-08-08,6.1207,7.7562
2013-08-09,6.1217,7.7556
2013-08-12,6.1218,7.7556
2013-08-13,6.1217,7.7550
2013-08-14,6.1191,7.7552
2013-08-15,6.1123,7.7548
2013-08-16,6.1145,7.7542
2013-08-19,6.1227,7.7546
2013-08-20,6.1241,7.7537
2013-08-21,6.1229,7.7545
2013-08-22,6.1206,7.7554
2013-08-23,6.1200,7.7551
2013-08-26,6.1202,7.7554
2013-08-27,6.1212,7.7562
2013-08-28,6.1202,7.7551
2013-08-29,6.1203,7.7550
2013-08-30,6.1193,7.7544
2013-09-02,ND,ND
2013-09-03,6.1204,7.7547
2013-09-04,6.1199,7.7554
2013-09-05,6.1194,7.7557
2013-09-06,6.1202,7.7554
2013-09-09,6.1209,7.7550
2013-09-10,6.1195,7.7547
2013-09-11,6.1183,7.7545
2013-09-12,6.1178,7.7540
2013-09-13,6.1186,7.7544
2013-09-16,6.1198,7.7536
2013-09-17,6.1213,7.7538
2013-09-18,6.1210,7.7539
2013-09-19,6.1210,7.7535
2013-09-20,6.1210,7.7533
2013-09-23,6.1201,7.7533
2013-09-24,6.1208,7.7536
2013-09-25,6.1190,7.7537
2013-09-26,6.1194,7.7542
2013-09-27,6.1179,7.7539
2013-09-30,6.1200,7.7551
2013-10-01,6.1200,7.7535
2013-10-02,6.1200,7.7545
2013-10-03,6.1200,7.7542
2013-10-04,6.1200,7.7541
2013-10-07,6.1200,7.7542
2013-10-08,6.1206,7.7542
2013-10-09,6.1209,7.7544
2013-10-10,6.1156,7.7543
2013-10-11,6.1204,7.7541
2013-10-14,ND,ND
2013-10-15,6.1026,7.7538
2013-10-16,6.0996,7.7543
2013-10-17,6.0980,7.7540
2013-10-18,6.0966,7.7532
2013-10-21,6.0924,7.7525
2013-10-22,6.0925,7.7524
2013-10-23,6.0833,7.7525
2013-10-24,6.0815,7.7531
2013-10-25,6.0838,7.7528
2013-10-28,6.0853,7.7533
2013-10-29,6.0897,7.7535
2013-10-30,6.0936,7.7535
2013-10-31,6.0943,7.7530
2013-11-01,6.0993,7.7524
2013-11-04,6.0980,7.7518
2013-11-05,6.0966,7.7516
2013-11-06,6.0925,7.7512
2013-11-07,6.0906,7.7516
2013-11-08,6.0903,7.7515
2013-11-11,ND,ND
2013-11-12,6.0917,7.7527
2013-11-13,6.0926,7.7528
2013-11-14,6.0920,7.7535
2013-11-15,6.0920,7.7535
2013-11-18,6.0918,7.7521
2013-11-19,6.0924,7.7514
2013-11-20,6.0925,7.7515
2013-11-21,6.0914,7.7525
2013-11-22,6.0935,7.7531
2013-11-25,6.0916,7.7525
2013-11-26,6.0925,7.7521
2013-11-27,6.0922,7.7528
2013-11-28,ND,ND
2013-11-29,6.0922,7.7526
2013-12-02,6.0927,7.7517
2013-12-03,6.0914,7.7522
2013-12-04,6.0913,7.7528
2013-12-05,6.0903,7.7538
2013-12-06,6.0815,7.7542
2013-12-09,6.0643,7.7532
2013-12-10,6.0705,7.7532
2013-12-11,6.0712,7.7543
2013-12-12,6.0710,7.7533
2013-12-13,6.0710,7.7534
2013-12-16,6.0713,7.7533
2013-12-17,6.0707,7.7525
2013-12-18,6.0713,7.7522
2013-12-19,6.0711,7.7534
2013-12-20,6.0711,7.7539
2013-12-23,6.0697,7.7535
2013-12-24,6.0712,7.7545
2013-12-25,ND,ND
2013-12-26,6.0744,7.7550
2013-12-27,6.0684,7.7548
2013-12-30,6.0617,7.7542
2013-12-31,6.0537,7.7539
2014-01-01,ND,ND
2014-01-02,6.0504,7.7534
2014-01-03,6.0505,7.7537
2014-01-06,6.0524,7.7542
2014-01-07,6.0507,7.7542
2014-01-08,6.0510,7.7543
2014-01-09,6.0540,7.7541
2014-01-10,6.0519,7.7542
2014-01-13,6.0432,7.7543
2014-01-14,6.0402,7.7536
2014-01-15,6.0459,7.7543
2014-01-16,6.0555,7.7546
2014-01-17,6.0500,7.7561
2014-01-20,ND,ND
2014-01-21,6.0503,7.7568
2014-01-22,6.0508,7.7581
2014-01-23,6.0515,7.7584
2014-01-24,6.0486,7.7640
2014-01-27,6.0478,7.7659
2014-01-28,6.0506,7.7643
2014-01-29,6.0554,7.7642
2014-01-30,6.0600,7.7663
2014-01-31,6.0590,7.7642
2014-02-03,6.0600,7.7645
2014-02-04,6.0600,7.7645
2014-02-05,6.0600,7.7621
2014-02-06,6.0600,7.7589
2014-02-07,6.0629,7.7586
2014-02-10,6.0591,7.7569
2014-02-11,6.0601,7.7560
2014-02-12,6.0614,7.7563
2014-02-13,6.0631,7.7554
2014-02-14,6.0666,7.7547
2014-02-17,ND,ND
2014-02-18,6.0671,7.7550
2014-02-19,6.0762,7.7551
2014-02-20,6.0832,7.7555
2014-02-21,6.0912,7.7558
2014-02-24,6.0982,7.7591
2014-02-25,6.1243,7.7614
2014-02-26,6.1243,7.7601
2014-02-27,6.1279,7.7609
2014-02-28,6.1448,7.7608
2014-03-03,6.1460,7.7600
2014-03-04,6.1430,7.7600
2014-03-05,6.1280,7.7606
2014-03-06,6.1183,7.7608
2014-03-07,6.1258,7.7605
2014-03-10,6.1383,7.7613
2014-03-11,6.1397,7.7618
2014-03-12,6.1448,7.7657
2014-03-13,6.1359,7.7644
2014-03-14,6.1500,7.7661
2014-03-17,6.1779,7.7657
2014-03-18,6.1918,7.7669
2014-03-19,6.1934,7.7651
2014-03-20,6.2273,7.7644
2014-03-21,6.2248,7.7589
2014-03-24,6.1956,7.7575
2014-03-25,6.2010,7.7563
2014-03-26,6.2084,7.7583
2014-03-27,6.2123,7.7578
2014-03-28,6.2117,7.7573
2014-03-31,6.2164,7.7567
2014-04-01,6.2064,7.7568
2014-04-02,6.2054,7.7561
2014-04-03,6.2102,7.7568
2014-04-04,6.2118,7.7566
2014-04-07,6.2118,7.7548
2014-04-08,6.1966,7.7544
2014-04-09,6.2003,7.7533
2014-04-10,6.2123,7.7527
2014-04-11,6.2111,7.7525
2014-04-14,6.2186,7.7533
2014-04-15,6.2215,7.7539
2014-04-16,6.2204,7.7546
2014-04-17,6.2188,7.7542
2014-04-18,6.2240,7.7539
2014-04-21,6.2269,7.7535
2014-04-22,6.2373,7.7517
2014-04-23,6.2374,7.7529
2014-04-24,6.2484,7.7531
2014-04-25,6.2534,7.7533
2014-04-28,6.2520,7.7532
2014-04-29,6.2578,7.7535
2014-04-30,6.2591,7.7527
2014-05-01,6.2591,7.7528
2014-05-02,6.2591,7.7530
2014-05-05,6.2453,7.7522
2014-05-06,6.2255,7.7519
2014-05-07,6.2349,7.7519
2014-05-08,6.2272,7.7516
2014-05-09,6.2270,7.7514
2014-05-12,6.2364,7.7517
2014-05-13,6.2283,7.7518
2014-05-14,6.2282,7.7517
2014-05-15,6.2291,7.7518
2014-05-16,6.2327,7.7520
2014-05-19,6.2368,7.7519
2014-05-20,6.2377,7.7524
2014-05-21,6.2335,7.7527
2014-05-22,6.2348,7.7535
2014-05-23,6.2363,7.7532
2014-05-26,ND,ND
2014-05-27,6.2471,7.7531
2014-05-28,6.2535,7.7527
2014-05-29,6.2375,7.7527
2014-05-30,6.2471,7.7523
2014-06-02,6.2471,7.7537
2014-06-03,6.2536,7.7527
2014-06-04,6.2494,7.7527
2014-06-05,6.2548,7.7525
2014-06-06,6.2498,7.7524
2014-06-09,6.2397,7.7511
2014-06-10,6.2240,7.7514
2014-06-11,6.2277,7.7516
2014-06-12,6.2175,7.7511
2014-06-13,6.2090,7.7515
2014-06-16,6.2250,7.7510
2014-06-17,6.2263,7.7514
2014-06-18,6.2309,7.7513
2014-06-19,6.2287,7.7504
2014-06-20,6.2240,7.7514
2014-06-23,6.2250,7.7507
2014-06-24,6.2308,7.7516
2014-06-25,6.2343,7.7515
2014-06-26,6.2235,7.7515
2014-06-27,6.2180,7.7517
2014-06-30,6.2036,7.7502
2014-07-01,6.1995,7.7500
2014-07-02,6.2101,7.7501
2014-07-03,6.2115,7.7508
2014-07-04,ND,ND
2014-07-07,6.2036,7.7497
2014-07-08,6.2010,7.7495
2014-07-09,6.1994,7.7500
2014-07-10,6.2023,7.7500
2014-07-11,6.2034,7.7496
2014-07-14,6.2059,7.7498
2014-07-15,6.2075,7.7500
2014-07-16,6.2035,7.7501
2014-07-17,6.2033,7.7507
2014-07-18,6.2075,7.7512
2014-07-21,6.2088,7.7517
2014-07-22,6.2025,7.7510
2014-07-23,6.1982,7.7506
2014-07-24,6.1944,7.7501
2014-07-25,6.1913,7.7500
2014-07-28,6.1870,7.7496
2014-07-29,6.1800,7.7500
2014-07-30,6.1712,7.7498
2014-07-31,6.1737,7.7497
2014-08-01,6.1793,7.7496
2014-08-04,6.1780,7.7500
2014-08-05,6.1705,7.7496
2014-08-06,6.1625,7.7501
2014-08-07,6.1618,7.7511
2014-08-08,6.1557,7.7513
2014-08-11,6.1528,7.7514
2014-08-12,6.1575,7.7511
2014-08-13,6.1531,7.7508
2014-08-14,6.1575,7.7503
2014-08-15,6.1470,7.7500
2014-08-18,6.1425,7.7506
2014-08-19,6.1425,7.7503
2014-08-20,6.1395,7.7506
2014-08-21,6.1510,7.7500
2014-08-22,6.1510,7.7500
2014-08-25,6.1540,7.7501
2014-08-26,6.1522,7.7505
2014-08-27,6.1430,7.7501
2014-08-28,6.1423,7.7500
2014-08-29,6.1430,7.7501
2014-09-01,ND,ND
2014-09-02,6.1480,7.7502
2014-09-03,6.1408,7.7502
2014-09-04,6.1383,7.7502
2014-09-05,6.1400,7.7500
2014-09-08,6.1400,7.7504
2014-09-09,6.1362,7.7502
2014-09-10,6.1284,7.7503
2014-09-11,6.1295,7.7505
2014-09-12,6.1344,7.7505
2014-09-15,6.1415,7.7507
2014-09-16,6.1459,7.7510
2014-09-17,6.1385,7.7511
2014-09-18,6.1400,7.7511
2014-09-19,6.1403,7.7512
2014-09-22,6.1400,7.7513
2014-09-23,6.1368,7.7511
2014-09-24,6.1346,7.7519
2014-09-25,6.1355,7.7538
2014-09-26,6.1266,7.7581
2014-09-29,6.1495,7.7650
2014-09-30,6.1380,7.7648
2014-10-01,6.1380,7.7645
2014-10-02,6.1380,7.7622
2014-10-03,6.1385,7.7563
2014-10-06,6.1385,7.7550
2014-10-07,6.1385,7.7541
2014-10-08,6.1385,7.7568
2014-10-09,6.1299,7.7560
2014-10-10,6.1308,7.7595
2014-10-13,ND,ND
2014-10-14,6.1250,7.7564
2014-10-15,6.1249,7.7570
2014-10-16,6.1230,7.7575
2014-10-17,6.1238,7.7588
2014-10-20,6.1233,7.7577
2014-10-21,6.1205,7.7565
2014-10-22,6.1180,7.7567
2014-10-23,6.1190,7.7575
2014-10-24,6.1168,7.7565
2014-10-27,6.1160,7.7572
2014-10-28,6.1130,7.7573
2014-10-29,6.1107,7.7548
2014-10-30,6.1140,7.7553
2014-10-31,6.1124,7.7551
2014-11-03,6.1178,7.7545
2014-11-04,6.1150,7.7522
2014-11-05,6.1135,7.7519
2014-11-06,6.1117,7.7522
2014-11-07,6.1225,7.7523
2014-11-10,6.1190,7.7542
2014-11-11,ND,ND
2014-11-12,6.1257,7.7546
2014-11-13,6.1243,7.7546
2014-11-14,6.1290,7.7540
2014-11-17,6.1242,7.7548
2014-11-18,6.1208,7.7547
2014-11-19,6.1190,7.7550
2014-11-20,6.1230,7.7557
2014-11-21,6.1244,7.7572
2014-11-24,6.1412,7.7562
2014-11-25,6.1355,7.7546
2014-11-26,6.1386,7.7534
2014-11-27,ND,ND
2014-11-28,6.1429,7.7548
2014-12-01,6.1515,7.7540
2014-12-02,6.1490,7.7545
2014-12-03,6.1499,7.7523
2014-12-04,6.1541,7.7515
2014-12-05,6.1497,7.7510
2014-12-08,6.1725,7.7510
2014-12-09,6.1855,7.7534
2014-12-10,6.1763,7.7510
2014-12-11,6.1881,7.7509
2014-12-12,6.1864,7.7519
2014-12-15,6.1900,7.7524
2014-12-16,6.1890,7.7538
2014-12-17,6.1957,7.7551
2014-12-18,6.2139,7.7555
2014-12-19,6.2196,7.7538
2014-12-22,6.2213,7.7561
2014-12-23,6.2256,7.7572
2014-12-24,6.2148,7.7616
2014-12-25,ND,ND
2014-12-26,ND,ND
2014-12-29,6.2222,7.7577
2014-12-30,6.2015,7.7576
2014-12-31,6.2046,7.7531
2015-01-01,ND,ND
2015-01-02,6.2046,7.7563
2015-01-05,6.2201,7.7557
2015-01-06,6.2125,7.7532
2015-01-07,6.2127,7.7548
2015-01-08,6.2143,7.7553
2015-01-09,6.2085,7.7530
2015-01-12,6.2027,7.7528
2015-01-13,6.1970,7.7526
2015-01-14,6.1957,7.7544
2015-01-15,6.1870,7.7534
2015-01-16,6.2065,7.7539
2015-01-19,ND,ND
2015-01-20,6.2137,7.7519
2015-01-21,6.2112,7.7508
2015-01-22,6.2085,7.7521
2015-01-23,6.2279,7.7511
2015-01-26,6.2535,7.7522
2015-01-27,6.2430,7.7518
2015-01-28,6.2475,7.7523
2015-01-29,6.2463,7.7516
2015-01-30,6.2495,7.7529
2015-02-02,6.2594,7.7530
2015-02-03,6.2573,7.7535
2015-02-04,6.2472,7.7517
2015-02-05,6.2516,7.7518
2015-02-06,6.2417,7.7524
2015-02-09,6.2467,7.7533
2015-02-10,6.2405,7.7541
2015-02-11,6.2422,7.7546
2015-02-12,6.2440,7.7552
2015-02-13,6.2399,7.7553
2015-02-16,ND,ND
2015-02-17,6.2546,7.7584
2015-02-18,6.2546,7.7584
2015-02-19,6.2546,7.7573
2015-02-20,6.2546,7.7577
2015-02-23,6.2546,7.7568
2015-02-24,6.2546,7.7557
2015-02-25,6.2591,7.7565
2015-02-26,6.2584,7.7550
2015-02-27,6.2695,7.7559
2015-03-02,6.2720,7.7545
2015-03-03,6.2741,7.7537
2015-03-04,6.2701,7.7544
2015-03-05,6.2658,7.7560
2015-03-06,6.2620,7.7565
2015-03-09,6.2635,7.7600
2015-03-10,6.2615,7.7601
2015-03-11,6.2613,7.7647
2015-03-12,6.2614,7.7685
2015-03-13,6.2585,7.7686
2015-03-16,6.2620,7.7654
2015-03-17,6.2490,7.7632
2015-03-18,6.2289,7.7580
2015-03-19,6.1955,7.7596
2015-03-20,6.2037,7.7592
2015-03-23,6.2135,7.7551
2015-03-24,6.2046,7.7561
2015-03-25,6.2116,7.7554
2015-03-26,6.2103,7.7544
2015-03-27,6.2145,7.7534
2015-03-30,6.2065,7.7549
2015-03-31,6.1990,7.7540
2015-04-01,6.1976,7.7524
2015-04-02,6.1968,7.7525
2015-04-03,6.1930,7.7516
2015-04-06,6.1930,7.7525
2015-04-07,6.1955,7.7515
2015-04-08,6.2020,7.7503
2015-04-09,6.2050,7.7499
2015-04-10,6.2082,7.7499
2015-04-13,6.2152,7.7500
2015-04-14,6.2113,7.7518
2015-04-15,6.2037,7.7521
2015-04-16,6.1947,7.7516
2015-04-17,6.1976,7.7510
2015-04-20,6.2014,7.7500
2015-04-21,6.2010,7.7501
2015-04-22,6.1927,7.7500
2015-04-23,6.1975,7.7495
2015-04-24,6.1930,7.7499
2015-04-27,6.2185,7.7499
2015-04-28,6.2035,7.7505
2015-04-29,6.1989,7.7504
2015-04-30,6.2018,7.7513
2015-05-01,6.2018,7.7509
2015-05-04,6.2085,7.7530
2015-05-05,6.2058,7.7518
2015-05-06,6.2001,7.7518
2015-05-07,6.2063,7.7539
2015-05-08,6.2084,7.7536
2015-05-11,6.2086,7.7535
2015-05-12,6.2086,7.7528
2015-05-13,6.2043,7.7517
2015-05-14,6.2013,7.7505
2015-05-15,6.2051,7.7505
2015-05-18,6.2041,7.7520
2015-05-19,6.2064,7.7519
2015-05-20,6.2036,7.7521
2015-05-21,6.1958,7.7534
2015-05-22,6.1972,7.7517
2015-05-25,ND,ND
2015-05-26,6.2038,7.7523
2015-05-27,6.2011,7.7594
2015-05-28,6.2002,7.7535
2015-05-29,6.1980,7.7535
2015-06-01,6.1985,7.7567
2015-06-02,6.1980,7.7566
2015-06-03,6.1976,7.7530
2015-06-04,6.2006,7.7522
2015-06-05,6.2024,7.7531
2015-06-08,6.2053,7.7518
2015-06-09,6.2047,7.7533
2015-06-10,6.2055,7.7524
2015-06-11,6.2065,7.7523
2015-06-12,6.2081,7.7530
2015-06-15,6.2080,7.7523
2015-06-16,6.2085,7.7519
2015-06-17,6.2086,7.7525
2015-06-18,6.2075,7.7526
2015-06-19,6.2085,7.7515
2015-06-22,6.2085,7.7517
2015-06-23,6.2066,7.7527
2015-06-24,6.2061,7.7529
2015-06-25,6.2084,7.7518
2015-06-26,6.2080,7.7523
2015-06-29,6.2085,7.7526
2015-06-30,6.2000,7.7513
2015-07-01,6.2008,7.7524
2015-07-02,6.2044,7.7512
2015-07-03,ND,ND
2015-07-06,6.2089,7.7528
2015-07-07,6.2097,7.7553
2015-07-08,6.2087,7.7519
2015-07-09,6.2086,7.7511
2015-07-10,6.2092,7.7510
2015-07-13,6.2081,7.7523
2015-07-14,6.2088,7.7511
2015-07-15,6.2082,7.7502
2015-07-16,6.2094,7.7506
2015-07-17,6.2085,7.7504
2015-07-20,6.2095,7.7508
2015-07-21,6.2095,7.7508
2015-07-22,6.2093,7.7503
2015-07-23,6.2091,7.7508
2015-07-24,6.2095,7.7513
2015-07-27,6.2091,7.7507
2015-07-28,6.2084,7.7511
2015-07-29,6.2089,7.7513
2015-07-30,6.2096,7.7523
2015-07-31,6.2097,7.7514
2015-08-03,6.2087,7.7531
2015-08-04,6.2086,7.7535
2015-08-05,6.2096,7.7519
2015-08-06,6.2096,7.7505
2015-08-07,6.2087,7.7525
2015-08-10,6.2094,7.7529
2015-08-11,6.3232,7.7627
2015-08-12,6.3845,7.7555
2015-08-13,6.3982,7.7550
2015-08-14,6.3908,7.7554
2015-08-17,6.3937,7.7547
2015-08-18,6.3928,7.7541
2015-08-19,6.3956,7.7527
2015-08-20,6.3875,7.7525
2015-08-21,6.3887,7.7508